"ID","Description","GeneRatio","BgRatio","RichFactor","FoldEnrichment","zScore","pvalue","p.adjust","qvalue","geneID","Count","Module"
"R-HSA-6785807","Interleukin-4 and Interleukin-13 signaling","15/131","108/11146",0.138888888888889,11.8172179813401,12.3187232279119,1.73646373902361e-12,9.62000911419078e-10,7.7135547143996e-10,"BCL6/CCL2/CDKN1A/CEBPD/ICAM1/IL1B/IL6/JUNB/LIF/MCL1/MYC/PIM1/RHOU/SOCS1/SOCS3",15,1
"R-HSA-449147","Signaling by Interleukins","26/131","473/11146",0.0549682875264271,4.67692009747753,8.91158474810531,3.27927393180137e-11,9.08358879108979e-09,7.28343999589567e-09,"BCL6/CASP3/CCL2/CDKN1A/CEBPD/CISH/CLCF1/CXCL1/CXCL2/ICAM1/IL1B/IL6/IRS2/JUN/JUNB/LIF/MCL1/MYC/NFKB2/NFKBIA/PIM1/RHOU/RIPK2/SOCS1/SOCS3/TRAF6",26,1
"R-HSA-9031628","NGF-stimulated transcription","9/131","39/11146",0.230769230769231,19.6347621843805,12.712799739835,5.10351102167784e-10,9.42448368669841e-08,7.55677772332648e-08,"EGR1/FOSL1/ID2/JUNB/JUND/RRAD/SGK1/SRF/TRIB1",9,1
"R-HSA-198725","Nuclear Events (kinase and transcription factor activation)","9/131","61/11146",0.147540983606557,12.5533725441121,9.86709432488092,3.35909944362516e-08,4.65235272942085e-06,3.73036832949952e-06,"EGR1/FOSL1/ID2/JUNB/JUND/RRAD/SGK1/SRF/TRIB1",9,1
"R-HSA-187037","Signaling by NTRK1 (TRKA)","10/131","115/11146",0.0869565217391304,7.3986060404912,7.52160085197703,9.3368768570099e-07,0.00010345259557567,8.29507796559616e-05,"EGR1/FOSL1/ID2/IRS2/JUNB/JUND/RRAD/SGK1/SRF/TRIB1",10,1
"R-HSA-6783783","Interleukin-10 signaling","7/131","47/11146",0.148936170212766,12.6720805587137,8.74457512378346,1.12177011458009e-06,0.000103576773912895,8.30503488338241e-05,"CCL2/CXCL1/CXCL2/ICAM1/IL1B/IL6/LIF",7,1
"R-HSA-166520","Signaling by NTRKs","10/131","134/11146",0.0746268656716418,6.34954996012305,6.79391296781847,3.78312959235818e-06,0.000299407684880919,0.000240072283906038,"EGR1/FOSL1/ID2/IRS2/JUNB/JUND/RRAD/SGK1/SRF/TRIB1",10,1
"R-HSA-168643","Nucleotide-binding domain, leucine rich repeat containing receptor (NLR) signaling pathways","6/131","57/11146",0.105263157894737,8.95620731217356,6.56720782988267,5.21763204852671e-05,0.00361321019360475,0.00289715884799772,"BIRC3/NFKB2/NLRP3/RIPK2/TNFAIP3/TRAF6",6,1
"R-HSA-112409","RAF-independent MAPK1/3 activation","4/131","23/11146",0.173913043478261,14.7972120809824,7.22316811459959,0.000135702077273453,0.00768342822451738,0.00616075757314523,"DUSP1/DUSP10/DUSP5/IL6",4,1
"R-HSA-6783589","Interleukin-6 family signaling","4/131","24/11146",0.166666666666667,14.1806615776081,7.04911861300601,0.000161366529728466,0.00768342822451738,0.00616075757314523,"CLCF1/IL6/LIF/SOCS3",4,1
"R-HSA-982772","Growth hormone receptor signaling","4/131","24/11146",0.166666666666667,14.1806615776081,7.04911861300601,0.000161366529728466,0.00768342822451738,0.00616075757314523,"CISH/IRS2/SOCS1/SOCS3",4,1
"R-HSA-400253","Circadian Clock","6/131","70/11146",0.0857142857142857,7.29291166848419,5.75960388136287,0.000166428048184492,0.00768342822451738,0.00616075757314523,"CRY2/NAMPT/NR1D1/PER1/SERPINE1/SIK1",6,1
"R-HSA-168164","Toll Like Receptor 3 (TLR3) Cascade","7/131","106/11146",0.0660377358490566,5.61875270056172,5.21046567329766,0.000244849596347067,0.0104343597212519,0.00836652062011841,"BIRC3/JUN/NFKB2/NFKBIA/RIPK2/TICAM1/TRAF6",7,1
"R-HSA-166166","MyD88-independent TLR4 cascade","7/131","111/11146",0.0630630630630631,5.36565573206795,5.04090182293631,0.000325090071142863,0.0115521470193296,0.0092627893637794,"BIRC3/JUN/NFKB2/NFKBIA/RIPK2/TICAM1/TRAF6",7,1
"R-HSA-937061","TRIF (TICAM1)-mediated TLR4 signaling","7/131","111/11146",0.0630630630630631,5.36565573206795,5.04090182293631,0.000325090071142863,0.0115521470193296,0.0092627893637794,"BIRC3/JUN/NFKB2/NFKBIA/RIPK2/TICAM1/TRAF6",7,1
"R-HSA-166016","Toll Like Receptor 4 (TLR4) Cascade","8/131","147/11146",0.054421768707483,4.63042010697409,4.83194946672385,0.000333636014998689,0.0115521470193296,0.0092627893637794,"BIRC3/JUN/NFKB2/NFKBIA/RIPK2/SOCS1/TICAM1/TRAF6",8,1
"R-HSA-5218859","Regulated Necrosis","5/131","60/11146",0.0833333333333333,7.09033078880407,5.15837015403117,0.000676089152122925,0.0220325523691824,0.0176662304765247,"BIRC3/CASP3/IL1B/IRF1/TNFRSF10B",5,1
"R-HSA-193639","p75NTR signals via NF-kB","3/131","16/11146",0.1875,15.9532442748092,6.52726538581729,0.000794423277869967,0.0233885471993493,0.0187534997494307,"NFKBIA/RIPK2/TRAF6",3,1
"R-HSA-2173796","SMAD2/SMAD3:SMAD4 heterotrimer regulates transcription","4/131","36/11146",0.111111111111111,9.45377438507209,5.5402365435182,0.000802134290230391,0.0233885471993493,0.0187534997494307,"JUNB/MYC/SERPINE1/TGIF1",4,1
"R-HSA-168638","NOD1/2 Signaling Pathway","4/131","37/11146",0.108108108108108,9.19826696925934,5.44714415536501,0.000891246436727421,0.0240839353233714,0.0193110786746394,"BIRC3/RIPK2/TNFAIP3/TRAF6",4,1
"R-HSA-168898","Toll-like Receptor Cascades","8/131","172/11146",0.0465116279069767,3.95739392863483,4.26259779521167,0.000944712042114003,0.0240839353233714,0.0193110786746394,"BIRC3/JUN/NFKB2/NFKBIA/RIPK2/SOCS1/TICAM1/TRAF6",8,1
"R-HSA-1810476","RIP-mediated NFkB activation via ZBP1","3/131","17/11146",0.176470588235294,15.0148181409969,6.30619345728466,0.000956401763743992,0.0240839353233714,0.0193110786746394,"NFKB2/NFKBIA/TICAM1",3,1
"R-HSA-975138","TRAF6 mediated induction of NFkB and MAP kinases upon TLR7/8 or 9 activation","6/131","103/11146",0.058252427184466,4.95634773586304,4.39898991042034,0.00132414698433163,0.0318946708399879,0.0255739142969312,"JUN/NFKB2/NFKBIA/RIPK2/TICAM1/TRAF6",6,1
"R-HSA-975155","MyD88 dependent cascade initiated on endosome","6/131","104/11146",0.0576923076923077,4.90869054609513,4.36724463635259,0.00139189380025436,0.0321295485558715,0.0257622448994448,"JUN/NFKB2/NFKBIA/RIPK2/TICAM1/TRAF6",6,1
"R-HSA-168927","TICAM1, RIP1-mediated IKK complex recruitment","3/131","20/11146",0.15,12.7625954198473,5.74158849559428,0.00156261063500116,0.0346274516716258,0.0277651237040206,"BIRC3/TICAM1/TRAF6",3,1
"R-HSA-168181","Toll Like Receptor 7/8 (TLR7/8) Cascade","6/131","108/11146",0.0555555555555556,4.72688719253605,4.24420510945581,0.00168970092464123,0.0357135836917752,0.0286360104843799,"JUN/NFKB2/NFKBIA/RIPK2/TICAM1/TRAF6",6,1
"R-HSA-1606322","ZBP1(DAI) mediated induction of type I IFNs","3/131","21/11146",0.142857142857143,12.154852780807,5.57964944217855,0.00180747808245158,0.0357135836917752,0.0286360104843799,"NFKB2/NFKBIA/TICAM1",3,1
"R-HSA-445989","TAK1-dependent IKK and NF-kappa-B activation","4/131","45/11146",0.0888888888888889,7.56301950805768,4.81074496752395,0.00187017401088054,0.0357135836917752,0.0286360104843799,"NFKB2/NFKBIA/RIPK2/TRAF6",4,1
"R-HSA-168138","Toll Like Receptor 9 (TLR9) Cascade","6/131","111/11146",0.0540540540540541,4.59913348462967,4.15581980282875,0.00194309091955892,0.0357135836917752,0.0286360104843799,"JUN/NFKB2/NFKBIA/RIPK2/TICAM1/TRAF6",6,1
"R-HSA-909733","Interferon alpha/beta signaling","5/131","77/11146",0.0649350649350649,5.52493308218499,4.34496981097599,0.00208674386511235,0.0357135836917752,0.0286360104843799,"EGR1/IRF1/IRF8/SOCS1/SOCS3",5,1
"R-HSA-2559583","Cellular Senescence","8/131","195/11146",0.041025641025641,3.49062438833431,3.8263270333965,0.002101561824616,0.0357135836917752,0.0286360104843799,"CBX4/CDKN1A/CEBPB/ERF/ETS2/IL6/JUN/KDM6B",8,1
"R-HSA-166058","MyD88:MAL(TIRAP) cascade initiated on plasma membrane","6/131","113/11146",0.0530973451327434,4.51773289198136,4.09862991668325,0.00212734343290357,0.0357135836917752,0.0286360104843799,"JUN/NFKB2/NFKBIA/RIPK2/SOCS1/TRAF6",6,1
"R-HSA-168188","Toll Like Receptor TLR6:TLR2 Cascade","6/131","113/11146",0.0530973451327434,4.51773289198136,4.09862991668325,0.00212734343290357,0.0357135836917752,0.0286360104843799,"JUN/NFKB2/NFKBIA/RIPK2/SOCS1/TRAF6",6,1
"R-HSA-73887","Death Receptor Signaling","7/131","154/11146",0.0454545454545455,3.86745315752949,3.90752500727742,0.00224178232028445,0.0365278648658113,0.029288920717029,"BIRC3/CASP3/NFKBIA/RIPK2/TNFAIP3/TNFRSF10B/TRAF6",7,1
"R-HSA-168179","Toll Like Receptor TLR1:TLR2 Cascade","6/131","116/11146",0.0517241379310345,4.40089497236115,4.01529901248779,0.00242810463250554,0.0373658324002242,0.0299608232431971,"JUN/NFKB2/NFKBIA/RIPK2/SOCS1/TRAF6",6,1
"R-HSA-181438","Toll Like Receptor 2 (TLR2) Cascade","6/131","116/11146",0.0517241379310345,4.40089497236115,4.01529901248779,0.00242810463250554,0.0373658324002242,0.0299608232431971,"JUN/NFKB2/NFKBIA/RIPK2/SOCS1/TRAF6",6,1
"R-HSA-9820841","M-decay: degradation of maternal mRNAs by maternally stored factors","3/131","24/11146",0.125,10.6354961832061,5.15313704783793,0.00268083666136134,0.0401400948755184,0.0321852936299996,"EIF4A1/EIF4A3/ZFP36L2",3,1
"R-HSA-2173793","Transcriptional activity of SMAD2/SMAD3:SMAD4 heterotrimer","4/131","51/11146",0.0784313725490196,6.67325250710971,4.42829945986899,0.00297131578870407,0.0418331879942752,0.0335428564195024,"JUNB/MYC/SERPINE1/TGIF1",4,1
"R-HSA-933542","TRAF6 mediated NF-kB activation","3/131","25/11146",0.12,10.2100763358779,5.02741512321445,0.00302044678659027,0.0418331879942752,0.0335428564195024,"NFKB2/NFKBIA/TRAF6",3,1
"R-HSA-937041","IKK complex recruitment mediated by RIP1","3/131","25/11146",0.12,10.2100763358779,5.02741512321445,0.00302044678659027,0.0418331879942752,0.0335428564195024,"BIRC3/TICAM1/TRAF6",3,1
"R-HSA-5663202","Diseases of signal transduction by growth factor receptors and second messengers","13/131","464/11146",0.0280172413793103,2.38381811002895,3.32043625274364,0.0031528727275315,0.0426022314890842,0.0341594939927675,"CDKN1A/CEBPB/DUSP10/HBEGF/IHH/IRS2/JUN/JUNB/LMNA/MCL1/MYC/NR4A1/PIM1",13,1
"R-HSA-9660826","Purinergic signaling in leishmaniasis infection","3/131","26/11146",0.115384615384615,9.81738109219025,4.90859641102383,0.00338533949903027,0.0436157693595993,0.0349721730377178,"IL1B/NFKB2/NLRP3",3,1
"R-HSA-9664424","Cell recruitment (pro-inflammatory response)","3/131","26/11146",0.115384615384615,9.81738109219025,4.90859641102383,0.00338533949903027,0.0436157693595993,0.0349721730377178,"IL1B/NFKB2/NLRP3",3,1
"R-HSA-5357801","Programmed Cell Death","8/131","213/11146",0.0375586854460094,3.19564204565817,3.52829671148415,0.00361949263908304,0.0454772544133553,0.0364647565313242,"BIRC3/CASP3/IL1B/IRF1/LMNA/SFN/TICAM1/TNFRSF10B",8,1
"R-HSA-380994","ATF4 activates genes in response to endoplasmic reticulum  stress","3/131","27/11146",0.111111111111111,9.45377438507209,4.796043391084,0.00377608971663239,0.0454772544133553,0.0364647565313242,"CCL2/CEBPB/DDIT3",3,1
"R-HSA-5357769","Caspase activation via extrinsic apoptotic signalling pathway","3/131","27/11146",0.111111111111111,9.45377438507209,4.796043391084,0.00377608971663239,0.0454772544133553,0.0364647565313242,"CASP3/TICAM1/TNFRSF10B",3,1
"R-HSA-5620971","Pyroptosis","3/131","28/11146",0.107142857142857,9.11613958560523,4.68919854935477,0.00419324184299249,0.04874873000766,0.0390879043572725,"CASP3/IL1B/IRF1",3,1
"R-HSA-9700206","Signaling by ALK in cancer","5/131","91/11146",0.0549450549450549,4.67494337723345,3.83862253151931,0.00431171077685079,0.04874873000766,0.0390879043572725,"CDKN1A/CEBPB/JUN/JUNB/MCL1",5,1
"R-HSA-9725370","Signaling by ALK fusions and activated point mutants","5/131","91/11146",0.0549450549450549,4.67494337723345,3.83862253151931,0.00431171077685079,0.04874873000766,0.0390879043572725,"CDKN1A/CEBPB/JUN/JUNB/MCL1",5,1
"R-HSA-1655829","Regulation of cholesterol biosynthesis by SREBP (SREBF)","5/56","55/11146",0.0909090909090909,18.0941558441558,9.03050272388943,7.66511159191323e-06,0.0013495025963939,0.00121374317463809,"HMGCR/HMGCS1/IDI1/INSIG1/SQLE",5,3
"R-HSA-191273","Cholesterol biosynthesis","4/56","27/11146",0.148148148148148,29.4867724867725,10.5307800215271,9.20290775372986e-06,0.0013495025963939,0.00121374317463809,"HMGCR/HMGCS1/IDI1/SQLE",4,3
"R-HSA-198725","Nuclear Events (kinase and transcription factor activation)","5/56","61/11146",0.0819672131147541,16.3144028103044,8.52246863627158,1.28117335100687e-05,0.0013495025963939,0.00121374317463809,"DUSP6/EGR2/EGR3/FOS/ID4",5,3
"R-HSA-9031628","NGF-stimulated transcription","4/56","39/11146",0.102564102564103,20.4139194139194,8.63009183099416,4.12421706453536e-05,0.00325813148098294,0.00293036475638039,"EGR2/EGR3/FOS/ID4",4,3
"R-HSA-2426168","Activation of gene expression by SREBF (SREBP)","4/56","42/11146",0.0952380952380952,18.9557823129252,8.28433260783016,5.54993770961548e-05,0.00350756063247699,0.00315470143493933,"HMGCR/HMGCS1/IDI1/SQLE",4,3
"R-HSA-6804115","TP53 regulates transcription of additional cell cycle genes whose exact role in the p53 pathway remain uncertain","3/56","20/11146",0.15,29.8553571428571,9.17783405256918,0.000128902247816946,0.00678885171835915,0.00610589594922375,"CENPJ/PLK2/PLK3",3,3
"R-HSA-187037","Signaling by NTRK1 (TRKA)","5/56","115/11146",0.0434782608695652,8.65372670807453,5.86249797234283,0.00026905344531922,0.0121458412458391,0.0109239744716074,"DUSP6/EGR2/EGR3/FOS/ID4",5,3
"R-HSA-166520","Signaling by NTRKs","5/56","134/11146",0.0373134328358209,7.42670575692964,5.31833868832891,0.000544468528071112,0.0215065068588089,0.0193429608656842,"DUSP6/EGR2/EGR3/FOS/ID4",5,3
"R-HSA-8957322","Metabolism of steroids","5/56","154/11146",0.0324675324675325,6.46219851576994,4.85017889268398,0.00102174485047955,0.0358745969723932,0.032265626857249,"HMGCR/HMGCS1/IDI1/INSIG1/SQLE",5,3
"R-HSA-168142","Toll Like Receptor 10 (TLR10) Cascade","4/56","97/11146",0.0412371134020619,8.20765832106038,5.06625269668451,0.00140018282822788,0.0368714811433341,0.0331622248790813,"DUSP6/FOS/MAP3K8/PELI1",4,3
"R-HSA-168176","Toll Like Receptor 5 (TLR5) Cascade","4/56","97/11146",0.0412371134020619,8.20765832106038,5.06625269668451,0.00140018282822788,0.0368714811433341,0.0331622248790813,"DUSP6/FOS/MAP3K8/PELI1",4,3
"R-HSA-975871","MyD88 cascade initiated on plasma membrane","4/56","97/11146",0.0412371134020619,8.20765832106038,5.06625269668451,0.00140018282822788,0.0368714811433341,0.0331622248790813,"DUSP6/FOS/MAP3K8/PELI1",4,3
"R-HSA-975138","TRAF6 mediated induction of NFkB and MAP kinases upon TLR7/8 or 9 activation","4/56","103/11146",0.0388349514563107,7.72954230235784,4.87560911823889,0.00174737356731094,0.038142129230115,0.0343050462762527,"DUSP6/FOS/MAP3K8/PELI1",4,3
"R-HSA-6791312","TP53 Regulates Transcription of Cell Cycle Genes","3/56","48/11146",0.0625,12.4397321428571,5.64394003686772,0.00177040345320389,0.038142129230115,0.0343050462762527,"CENPJ/PLK2/PLK3",3,3
"R-HSA-975155","MyD88 dependent cascade initiated on endosome","4/56","104/11146",0.0384615384615385,7.65521978021978,4.84533129808282,0.00181054410902445,0.038142129230115,0.0343050462762527,"DUSP6/FOS/MAP3K8/PELI1",4,3
"R-HSA-168181","Toll Like Receptor 7/8 (TLR7/8) Cascade","4/56","108/11146",0.037037037037037,7.37169312169312,4.72813437173859,0.00207912860372871,0.0405804375995995,0.0364980617984406,"DUSP6/FOS/MAP3K8/PELI1",4,3
"R-HSA-168138","Toll Like Receptor 9 (TLR9) Cascade","4/56","111/11146",0.036036036036036,7.17245817245817,4.64410203611776,0.00229782804601836,0.0405804375995995,0.0364980617984406,"DUSP6/FOS/MAP3K8/PELI1",4,3
"R-HSA-166058","MyD88:MAL(TIRAP) cascade initiated on plasma membrane","4/56","113/11146",0.0353982300884956,7.04551201011378,4.58980017071124,0.00245214714145875,0.0405804375995995,0.0364980617984406,"DUSP6/FOS/MAP3K8/PELI1",4,3
"R-HSA-168188","Toll Like Receptor TLR6:TLR2 Cascade","4/56","113/11146",0.0353982300884956,7.04551201011378,4.58980017071124,0.00245214714145875,0.0405804375995995,0.0364980617984406,"DUSP6/FOS/MAP3K8/PELI1",4,3
"R-HSA-168179","Toll Like Receptor TLR1:TLR2 Cascade","4/56","116/11146",0.0344827586206897,6.86330049261084,4.51078022104966,0.00269680123288478,0.0405804375995995,0.0364980617984406,"DUSP6/FOS/MAP3K8/PELI1",4,3
"R-HSA-181438","Toll Like Receptor 2 (TLR2) Cascade","4/56","116/11146",0.0344827586206897,6.86330049261084,4.51078022104966,0.00269680123288478,0.0405804375995995,0.0364980617984406,"DUSP6/FOS/MAP3K8/PELI1",4,3
"R-HSA-9033241","Peroxisomal protein import","7/80","63/11146",0.111111111111111,15.4805555555556,9.79978458334677,3.00969046428349e-07,7.34364473285171e-05,6.58963806916806e-05,"DAO/DHRS4/EHHADH/EPHX2/HAO2/IDH1/PIPOX",7,5
"R-HSA-71291","Metabolism of amino acids and derivatives","13/80","367/11146",0.0354223433242507,4.93521798365123,6.51781887168647,1.84812023423619e-06,0.000200231590166628,0.000179672867794041,"AHCY/ASPA/BHMT/CHDH/DAO/DIO2/FTCD/GRHPR/PAH/PIPOX/PRODH2/PXMP2/SARDH",13,5
"R-HSA-9609507","Protein localization","9/80","164/11146",0.0548780487804878,7.64588414634146,7.28993519351651,2.46186381352412e-06,0.000200231590166628,0.000179672867794041,"ALDH3A2/DAO/DHRS4/EHHADH/EPHX2/HAO2/IDH1/PIPOX/PXMP2",9,5
"R-HSA-389661","Glyoxylate metabolism and glycine degradation","4/80","19/11146",0.210526315789474,29.3315789473684,10.5086815667738,8.78693276750478e-06,0.000536002898817791,0.000480968951484472,"DAO/GRHPR/PRODH2/PXMP2",4,5
"R-HSA-211859","Biological oxidations","9/80","222/11146",0.0405405405405405,5.64831081081081,5.94799367531082,2.85189861018309e-05,0.00139172652176935,0.00124883139140649,"AHCY/BPHL/CES3/CYP2J2/CYP3A4/CYP4F2/GLYAT/GLYATL1/GSTA2",9,5
"R-HSA-8963899","Plasma lipoprotein remodeling","4/80","34/11146",0.117647058823529,16.3911764705882,7.64196170103749,9.68780596186573e-05,0.0039397077578254,0.00353519936854048,"ALB/ANGPTL3/APOC3/MTTP",4,5
"R-HSA-9748784","Drug ADME","6/80","110/11146",0.0545454545454545,7.59954545454545,5.91417563925625,0.000133830351153975,0.00466494366879571,0.00418597188571833,"ALB/CYP3A4/GLYAT/GLYATL1/GSTA2/SLC22A8",6,5
"R-HSA-174824","Plasma lipoprotein assembly, remodeling, and clearance","5/80","75/11146",0.0666666666666667,9.28833333333333,6.12342089943854,0.000195633083113112,0.0059571713669818,0.00534552046735209,"ALB/ANGPTL3/APOC3/CES3/MTTP",5,5
"R-HSA-9018677","Biosynthesis of DHA-derived SPMs","3/80","17/11146",0.176470588235294,24.5867647058824,8.27474198921949,0.00022518767315672,0.0059571713669818,0.00534552046735209,"CYP3A4/EPHX2/HPGD",3,5
"R-HSA-8978868","Fatty acid metabolism","7/80","176/11146",0.0397727272727273,5.54133522727273,5.16328714947829,0.000261614122047969,0.0059571713669818,0.00534552046735209,"ALDH3A2/CYP2J2/CYP4F2/EHHADH/EPHX2/HAO2/HPGD",7,5
"R-HSA-9749641","Aspirin ADME","4/80","44/11146",0.0909090909090909,12.6659090909091,6.59225520032908,0.000268561004249179,0.0059571713669818,0.00534552046735209,"ALB/CYP3A4/GLYAT/GLYATL1",4,5
"R-HSA-9018678","Biosynthesis of specialized proresolving mediators (SPMs)","3/80","19/11146",0.157894736842105,21.9986842105263,7.78878177243838,0.00031758831460526,0.00645762906364028,0.00579459381034158,"CYP3A4/EPHX2/HPGD",3,5
"R-HSA-2142753","Arachidonic acid metabolism","4/80","59/11146",0.0677966101694915,9.44576271186441,5.53028552918991,0.000829962357137556,0.0155777550108895,0.0139783133833694,"CYP2J2/CYP4F2/EPHX2/HPGD",4,5
"R-HSA-211945","Phase I - Functionalization of compounds","5/80","106/11146",0.0471698113207547,6.57193396226415,4.90076698194136,0.00096621392866155,0.0168397284709584,0.0151107140723009,"BPHL/CES3/CYP2J2/CYP3A4/CYP4F2",5,5
"R-HSA-390918","Peroxisomal lipid metabolism","3/80","29/11146",0.103448275862069,14.4129310344828,6.1491995206857,0.00113729498070607,0.0184999983528187,0.0166005162096044,"ALDH3A2/EHHADH/HAO2",3,5
"R-HSA-8963888","Chylomicron assembly","2/80","10/11146",0.2,27.865,7.22623250161386,0.00220551594586337,0.0298969939328146,0.026827328464303,"APOC3/MTTP",2,5
"R-HSA-8964058","HDL remodeling","2/80","10/11146",0.2,27.865,7.22623250161386,0.00220551594586337,0.0298969939328146,0.026827328464303,"ALB/APOC3",2,5
"R-HSA-9757110","Prednisone ADME","2/80","10/11146",0.2,27.865,7.22623250161386,0.00220551594586337,0.0298969939328146,0.026827328464303,"ALB/CYP3A4",2,5
"R-HSA-375276","Peptide ligand-binding receptors","2/5","201/11146",0.00995024875621891,22.1810945273632,6.41950432250074,0.00312209397975139,0.0390804393587558,0.0125200492224847,"CXCL3/EDN1",2,6
"R-HSA-71288","Creatine metabolism","1/5","11/11146",0.0909090909090909,202.654545454545,14.1749716558299,0.00492565769903697,0.0390804393587558,0.0125200492224847,"SLC6A12",1,6
"R-HSA-373076","Class A/1 (Rhodopsin-like receptors)","2/5","334/11146",0.00598802395209581,13.348502994012,4.85397435760038,0.00843178503669849,0.0390804393587558,0.0125200492224847,"CXCL3/EDN1",2,6
"R-HSA-442660","Na+/Cl- dependent neurotransmitter transporters","1/5","19/11146",0.0526315789473684,117.326315789474,10.7505004458237,0.00849574768668604,0.0390804393587558,0.0125200492224847,"SLC6A12",1,6
"R-HSA-888590","GABA synthesis, release, reuptake and degradation","1/5","19/11146",0.0526315789473684,117.326315789474,10.7505004458237,0.00849574768668604,0.0390804393587558,0.0125200492224847,"SLC6A12",1,6
"R-HSA-3371497","HSP90 chaperone cycle for steroid hormone receptors (SHR) in the presence of ligand","6/29","55/11146",0.109090909090909,41.928526645768,15.5405840211117,4.74709157244963e-09,2.15517957389213e-06,5.44666296207378e-07,"DNAJA1/DNAJA4/DNAJB1/HSP90AA1/HSP90AB1/STIP1",6,7
"R-HSA-3371556","Cellular response to heat stress","6/29","89/11146",0.0674157303370786,25.9108872530027,12.0506584412018,8.95809327623272e-08,2.03348717370483e-05,5.13911666899667e-06,"DNAJB1/HSP90AA1/HSP90AB1/HSPA5/HSPA6/HSPH1",6,7
"R-HSA-9613829","Chaperone Mediated Autophagy","4/29","22/11146",0.181818181818182,69.8808777429467,16.5167560929844,2.61710070408913e-07,3.96054573218822e-05,1.00092623419549e-05,"HSP90AA1/HSP90AB1/UBB/UBC",4,7
"R-HSA-5213460","RIPK1-mediated regulated necrosis","4/29","32/11146",0.125,48.0431034482759,13.610716560631,1.26363972591972e-06,0.00011473848711351,2.89972063421577e-05,"HSP90AA1/MLKL/UBB/UBC",4,7
"R-HSA-5675482","Regulation of necroptotic cell death","4/29","32/11146",0.125,48.0431034482759,13.610716560631,1.26363972591972e-06,0.00011473848711351,2.89972063421577e-05,"HSP90AA1/MLKL/UBB/UBC",4,7
"R-HSA-381119","Unfolded Protein Response (UPR)","5/29","95/11146",0.0526315789473684,20.2286751361162,9.61292619415044,4.08604075701943e-06,0.000309177083947804,7.81365688623014e-05,"DNAJB11/ERN1/HSP90B1/HSPA5/TSPYL2",5,7
"R-HSA-3322077","Glycogen synthesis","3/29","14/11146",0.214285714285714,82.35960591133,15.5572018943056,5.65477690517092e-06,0.00032090858936845,8.11014056136356e-05,"PPP1R3C/UBB/UBC",3,7
"R-HSA-3371568","Attenuation phase","3/29","14/11146",0.214285714285714,82.35960591133,15.5572018943056,5.65477690517092e-06,0.00032090858936845,8.11014056136356e-05,"DNAJB1/HSP90AA1/HSP90AB1",3,7
"R-HSA-3229121","Glycogen storage diseases","3/29","16/11146",0.1875,72.0646551724138,14.5281827678561,8.66925092059157e-06,0.000416661276774202,0.000105300438600482,"PPP1R3C/UBB/UBC",3,7
"R-HSA-381070","IRE1alpha activates chaperones","4/29","52/11146",0.0769230769230769,29.5649867374005,10.54476365988,9.17756116242736e-06,0.000416661276774202,0.000105300438600482,"DNAJB11/ERN1/HSPA5/TSPYL2",4,7
"R-HSA-1236382","Constitutive Signaling by Ligand-Responsive EGFR Cancer Variants","3/29","19/11146",0.157894736842105,60.6860254083485,13.298591581947,1.49223343887716e-05,0.000564561651041859,0.000142678460383869,"HSP90AA1/UBB/UBC",3,7
"R-HSA-5637815","Signaling by Ligand-Responsive EGFR Variants in Cancer","3/29","19/11146",0.157894736842105,60.6860254083485,13.298591581947,1.49223343887716e-05,0.000564561651041859,0.000142678460383869,"HSP90AA1/UBB/UBC",3,7
"R-HSA-5218859","Regulated Necrosis","4/29","60/11146",0.0666666666666667,25.6229885057471,9.76729225858446,1.62949157853779e-05,0.000569068597427814,0.000143817475352728,"HSP90AA1/MLKL/UBB/UBC",4,7
"R-HSA-3371453","Regulation of HSF1-mediated heat shock response","4/29","69/11146",0.0579710144927536,22.2808595702149,9.05623880407787,2.84250366033029e-05,0.000921783329849965,0.000232957066899249,"DNAJB1/HSPA5/HSPA6/HSPH1",4,7
"R-HSA-3371571","HSF1-dependent transactivation","3/29","24/11146",0.125,48.0431034482759,11.7829862956166,3.08974955323752e-05,0.000935164198113223,0.000236338737756414,"DNAJB1/HSP90AA1/HSP90AB1",3,7
"R-HSA-1643713","Signaling by EGFR in Cancer","3/29","25/11146",0.12,46.1213793103448,11.5352147344374,3.50494064831811e-05,0.000948903977744329,0.000239811114245611,"HSP90AA1/UBB/UBC",3,7
"R-HSA-9824439","Bacterial Infection Pathways","4/29","73/11146",0.0547945205479452,21.0599905526689,8.78222858484042,3.55316467437304e-05,0.000948903977744329,0.000239811114245611,"HSP90AA1/HSP90AB1/UBB/UBC",4,7
"R-HSA-2173788","Downregulation of TGF-beta receptor signaling","3/29","26/11146",0.115384615384615,44.3474801061008,11.3016894330361,3.95518022639006e-05,0.000997584345989492,0.000252113827296208,"PPP1R15A/UBB/UBC",3,7
"R-HSA-8852276","The role of GTSE1 in G2/M progression after G2 checkpoint","4/29","77/11146",0.051948051948052,19.9659650694133,8.52925989022829,4.38611720603307e-05,0.00100828844662221,0.000254819013869281,"HSP90AA1/HSP90AB1/UBB/UBC",4,7
"R-HSA-8982491","Glycogen metabolism","3/29","27/11146",0.111111111111111,42.7049808429119,11.0810821751027,4.44179932432691e-05,0.00100828844662221,0.000254819013869281,"PPP1R3C/UBB/UBC",3,7
"R-HSA-9612973","Autophagy","5/29","158/11146",0.0316455696202532,12.1628109995635,7.217520436777,4.84585150968247e-05,0.00104762694542659,0.000264760809300947,"HSP90AA1/HSP90AB1/MAP1LC3C/UBB/UBC",5,7
"R-HSA-8863795","Downregulation of ERBB2 signaling","3/29","29/11146",0.103448275862069,39.7598097502973,10.6741196173414,5.52945057209671e-05,0.00110898619220706,0.000280267783330789,"HSP90AA1/UBB/UBC",3,7
"R-HSA-168928","DDX58/IFIH1-mediated induction of interferon-alpha/beta","4/29","82/11146",0.0487804878048781,18.7485281749369,8.23869488807943,5.61821198695206e-05,0.00110898619220706,0.000280267783330789,"HSP90AA1/HSP90AB1/UBB/UBC",4,7
"R-HSA-5687128","MAPK6/MAPK4 signaling","4/29","89/11146",0.0449438202247191,17.2739248353351,7.87252207023563,7.74482515955365e-05,0.0014650627593489,0.000370256992276907,"DNAJB1/HSPB1/UBB/UBC",4,7
"R-HSA-5663084","Diseases of carbohydrate metabolism","3/29","34/11146",0.0882352941176471,33.9127789046653,9.81641989702969,8.97649068900419e-05,0.00163013070912316,0.000411973677937455,"PPP1R3C/UBB/UBC",3,7
"R-HSA-2173782","Binding and Uptake of Ligands by Scavenger Receptors","3/29","42/11146",0.0714285714285714,27.4532019704433,8.77219745959403,0.00016981704095819,0.00295480119851103,0.000746750129000004,"HSP90AA1/HSP90B1/HSPH1",3,7
"R-HSA-5675221","Negative regulation of MAPK pathway","3/29","43/11146",0.0697674418604651,26.8147554129912,8.66218201211993,0.00018223443515046,0.00295480119851103,0.000746750129000004,"DUSP2/UBB/UBC",3,7
"R-HSA-9646399","Aggrephagy","3/29","43/11146",0.0697674418604651,26.8147554129912,8.66218201211993,0.00018223443515046,0.00295480119851103,0.000746750129000004,"HSP90AA1/UBB/UBC",3,7
"R-HSA-2173789","TGF-beta receptor signaling activates SMADs","3/29","47/11146",0.0638297872340425,24.5326485693324,8.25701445733818,0.000237771752834471,0.00372235778575344,0.000940730346967599,"PPP1R15A/UBB/UBC",3,7
"R-HSA-9820952","Respiratory Syncytial Virus Infection Pathway","4/29","120/11146",0.0333333333333333,12.8114942528736,6.64403183103324,0.000246453652075175,0.00372966526807097,0.000942577125480492,"HSP90AA1/HSP90AB1/UBB/UBC",4,7
"R-HSA-1227986","Signaling by ERBB2","3/29","50/11146",0.06,23.0606896551724,7.98483774942955,0.000285905279507175,0.00396682948785175,0.00100251429208403,"HSP90AA1/UBB/UBC",3,7
"R-HSA-381183","ATF6 (ATF6-alpha) activates chaperone genes","2/29","10/11146",0.2,76.8689655172414,12.2587103563798,0.00029037265075101,0.00396682948785175,0.00100251429208403,"HSP90B1/HSPA5",2,7
"R-HSA-937042","IRAK2 mediated activation of TAK1 complex","2/29","10/11146",0.2,76.8689655172414,12.2587103563798,0.00029037265075101,0.00396682948785175,0.00100251429208403,"UBB/UBC",2,7
"R-HSA-9705671","SARS-CoV-2 activates/modulates innate and adaptive immune responses","4/29","126/11146",0.0317460317460317,12.2014230979748,6.45822110388405,0.000297075336094625,0.00396682948785175,0.00100251429208403,"HSP90AA1/HSP90AB1/UBB/UBC",4,7
"R-HSA-9014325","TICAM1,TRAF6-dependent induction of TAK1 complex","2/29","11/11146",0.181818181818182,69.8808777429467,11.6733400544051,0.000354327286354522,0.00412473302576802,0.00104242035661654,"UBB/UBC",2,7
"R-HSA-9645460","Alpha-protein kinase 1 signaling pathway","2/29","11/11146",0.181818181818182,69.8808777429467,11.6733400544051,0.000354327286354522,0.00412473302576802,0.00104242035661654,"UBB/UBC",2,7
"R-HSA-9664873","Pexophagy","2/29","11/11146",0.181818181818182,69.8808777429467,11.6733400544051,0.000354327286354522,0.00412473302576802,0.00104242035661654,"UBB/UBC",2,7
"R-HSA-9708530","Regulation of BACH1 activity","2/29","11/11146",0.181818181818182,69.8808777429467,11.6733400544051,0.000354327286354522,0.00412473302576802,0.00104242035661654,"UBB/UBC",2,7
"R-HSA-9828211","Regulation of TBK1, IKK<U+03B5>-mediated activation of IRF3, IRF7 upon TLR3 ligation","2/29","11/11146",0.181818181818182,69.8808777429467,11.6733400544051,0.000354327286354522,0.00412473302576802,0.00104242035661654,"UBB/UBC",2,7
"R-HSA-450408","AUF1 (hnRNP D0) binds and destabilizes mRNA","3/29","56/11146",0.0535714285714286,20.5899014778325,7.50595099728126,0.000400134434070864,0.00438013836127217,0.00110696749682046,"HSPB1/UBB/UBC",3,7
"R-HSA-168643","Nucleotide-binding domain, leucine rich repeat containing receptor (NLR) signaling pathways","3/29","57/11146",0.0526315789473684,20.2286751361162,7.43337137335495,0.000421626843162326,0.00438013836127217,0.00110696749682046,"HSP90AB1/UBB/UBC",3,7
"R-HSA-3371511","HSF1 activation","2/29","12/11146",0.166666666666667,64.0574712643678,11.1621228416717,0.000424506801532985,0.00438013836127217,0.00110696749682046,"HSP90AA1/HSP90AB1",2,7
"R-HSA-381033","ATF6 (ATF6-alpha) activates chaperones","2/29","12/11146",0.166666666666667,64.0574712643678,11.1621228416717,0.000424506801532985,0.00438013836127217,0.00110696749682046,"HSP90B1/HSPA5",2,7
"R-HSA-5689877","Josephin domain DUBs","2/29","12/11146",0.166666666666667,64.0574712643678,11.1621228416717,0.000424506801532985,0.00438013836127217,0.00110696749682046,"UBB/UBC",2,7
"R-HSA-1632852","Macroautophagy","4/29","143/11146",0.027972027972028,10.7509042681456,5.99380469316913,0.00048080822651076,0.00454799598942579,0.00114938920205753,"HSP90AA1/MAP1LC3C/UBB/UBC",4,7
"R-HSA-1358803","Downregulation of ERBB2:ERBB3 signaling","2/29","13/11146",0.153846153846154,59.1299734748011,10.7105291845135,0.000500880615575528,0.00454799598942579,0.00114938920205753,"UBB/UBC",2,7
"R-HSA-209543","p75NTR recruits signalling complexes","2/29","13/11146",0.153846153846154,59.1299734748011,10.7105291845135,0.000500880615575528,0.00454799598942579,0.00114938920205753,"UBB/UBC",2,7
"R-HSA-209560","NF-kB is activated and signals survival","2/29","13/11146",0.153846153846154,59.1299734748011,10.7105291845135,0.000500880615575528,0.00454799598942579,0.00114938920205753,"UBB/UBC",2,7
"R-HSA-9013973","TICAM1-dependent activation of IRF3/IRF7","2/29","13/11146",0.153846153846154,59.1299734748011,10.7105291845135,0.000500880615575528,0.00454799598942579,0.00114938920205753,"UBB/UBC",2,7
"R-HSA-9637687","Suppression of phagosomal maturation","2/29","13/11146",0.153846153846154,59.1299734748011,10.7105291845135,0.000500880615575528,0.00454799598942579,0.00114938920205753,"UBB/UBC",2,7
"R-HSA-174490","Membrane binding and targetting of GAG proteins","2/29","14/11146",0.142857142857143,54.9064039408867,10.3077294943925,0.00058341825535392,0.00483550138381183,0.00122204880787269,"UBB/UBC",2,7
"R-HSA-174495","Synthesis And Processing Of GAG, GAGPOL Polyproteins","2/29","14/11146",0.142857142857143,54.9064039408867,10.3077294943925,0.00058341825535392,0.00483550138381183,0.00122204880787269,"UBB/UBC",2,7
"R-HSA-975110","TRAF6 mediated IRF7 activation in TLR7/8 or 9 signaling","2/29","14/11146",0.142857142857143,54.9064039408867,10.3077294943925,0.00058341825535392,0.00483550138381183,0.00122204880787269,"UBB/UBC",2,7
"R-HSA-2691230","Signaling by NOTCH1 HD Domain Mutants in Cancer","2/29","15/11146",0.133333333333333,51.2459770114942,9.9454643731886,0.000672089354999756,0.00483550138381183,0.00122204880787269,"UBB/UBC",2,7
"R-HSA-2691232","Constitutive Signaling by NOTCH1 HD Domain Mutants","2/29","15/11146",0.133333333333333,51.2459770114942,9.9454643731886,0.000672089354999756,0.00483550138381183,0.00122204880787269,"UBB/UBC",2,7
"R-HSA-3134975","Regulation of innate immune responses to cytosolic DNA","2/29","15/11146",0.133333333333333,51.2459770114942,9.9454643731886,0.000672089354999756,0.00483550138381183,0.00122204880787269,"UBB/UBC",2,7
"R-HSA-8875360","InlB-mediated entry of Listeria monocytogenes into host cell","2/29","15/11146",0.133333333333333,51.2459770114942,9.9454643731886,0.000672089354999756,0.00483550138381183,0.00122204880787269,"UBB/UBC",2,7
"R-HSA-937039","IRAK1 recruits IKK complex","2/29","15/11146",0.133333333333333,51.2459770114942,9.9454643731886,0.000672089354999756,0.00483550138381183,0.00122204880787269,"UBB/UBC",2,7
"R-HSA-9706369","Negative regulation of FLT3","2/29","15/11146",0.133333333333333,51.2459770114942,9.9454643731886,0.000672089354999756,0.00483550138381183,0.00122204880787269,"UBB/UBC",2,7
"R-HSA-975144","IRAK1 recruits IKK complex upon TLR7/8 or 9 stimulation","2/29","15/11146",0.133333333333333,51.2459770114942,9.9454643731886,0.000672089354999756,0.00483550138381183,0.00122204880787269,"UBB/UBC",2,7
"R-HSA-9824878","Regulation of TBK1, IKK<U+03B5> (IKBKE)-mediated activation of IRF3, IRF7","2/29","15/11146",0.133333333333333,51.2459770114942,9.9454643731886,0.000672089354999756,0.00483550138381183,0.00122204880787269,"UBB/UBC",2,7
"R-HSA-110312","Translesion synthesis by REV1","2/29","16/11146",0.125,48.0431034482759,9.61730980338338,0.000766863655582493,0.00483550138381183,0.00122204880787269,"UBB/UBC",2,7
"R-HSA-1295596","Spry regulation of FGF signaling","2/29","16/11146",0.125,48.0431034482759,9.61730980338338,0.000766863655582493,0.00483550138381183,0.00122204880787269,"UBB/UBC",2,7
"R-HSA-175474","Assembly Of The HIV Virion","2/29","16/11146",0.125,48.0431034482759,9.61730980338338,0.000766863655582493,0.00483550138381183,0.00122204880787269,"UBB/UBC",2,7
"R-HSA-193639","p75NTR signals via NF-kB","2/29","16/11146",0.125,48.0431034482759,9.61730980338338,0.000766863655582493,0.00483550138381183,0.00122204880787269,"UBB/UBC",2,7
"R-HSA-205043","NRIF signals cell death from the nucleus","2/29","16/11146",0.125,48.0431034482759,9.61730980338338,0.000766863655582493,0.00483550138381183,0.00122204880787269,"UBB/UBC",2,7
"R-HSA-2173791","TGF-beta receptor signaling in EMT (epithelial to mesenchymal transition)","2/29","16/11146",0.125,48.0431034482759,9.61730980338338,0.000766863655582493,0.00483550138381183,0.00122204880787269,"UBB/UBC",2,7
"R-HSA-399954","Sema3A PAK dependent Axon repulsion","2/29","16/11146",0.125,48.0431034482759,9.61730980338338,0.000766863655582493,0.00483550138381183,0.00122204880787269,"HSP90AA1/HSP90AB1",2,7
"R-HSA-5684264","MAP3K8 (TPL2)-dependent MAPK1/3 activation","2/29","16/11146",0.125,48.0431034482759,9.61730980338338,0.000766863655582493,0.00483550138381183,0.00122204880787269,"UBB/UBC",2,7
"R-HSA-8866427","VLDLR internalisation and degradation","2/29","16/11146",0.125,48.0431034482759,9.61730980338338,0.000766863655582493,0.00483550138381183,0.00122204880787269,"UBB/UBC",2,7
"R-HSA-975163","IRAK2 mediated activation of TAK1 complex upon TLR7/8 or 9 stimulation","2/29","16/11146",0.125,48.0431034482759,9.61730980338338,0.000766863655582493,0.00483550138381183,0.00122204880787269,"UBB/UBC",2,7
"R-HSA-9820965","Respiratory syncytial virus (RSV) genome replication, transcription and translation","2/29","16/11146",0.125,48.0431034482759,9.61730980338338,0.000766863655582493,0.00483550138381183,0.00122204880787269,"HSP90AA1/HSP90AB1",2,7
"R-HSA-5655862","Translesion synthesis by POLK","2/29","17/11146",0.117647058823529,45.2170385395537,9.31818383249752,0.000867711004788376,0.00525254394898564,0.00132744560732538,"UBB/UBC",2,7
"R-HSA-5656121","Translesion synthesis by POLI","2/29","17/11146",0.117647058823529,45.2170385395537,9.31818383249752,0.000867711004788376,0.00525254394898564,0.00132744560732538,"UBB/UBC",2,7
"R-HSA-937072","TRAF6-mediated induction of TAK1 complex within TLR4 complex","2/29","17/11146",0.117647058823529,45.2170385395537,9.31818383249752,0.000867711004788376,0.00525254394898564,0.00132744560732538,"UBB/UBC",2,7
"R-HSA-9758274","Regulation of NF-kappa B signaling","2/29","18/11146",0.111111111111111,42.7049808429119,9.04400622555791,0.000974601356600215,0.00582196073548023,0.00147135107852387,"UBB/UBC",2,7
"R-HSA-110320","Translesion Synthesis by POLH","2/29","19/11146",0.105263157894737,40.4573502722323,8.79145801025054,0.00108750477097803,0.00624971096232945,0.00157945396451173,"UBB/UBC",2,7
"R-HSA-6804760","Regulation of TP53 Activity through Methylation","2/29","19/11146",0.105263157894737,40.4573502722323,8.79145801025054,0.00108750477097803,0.00624971096232945,0.00157945396451173,"UBB/UBC",2,7
"R-HSA-936964","Activation of IRF3, IRF7 mediated by TBK1, IKK<U+03B5> (IKBKE)","2/29","19/11146",0.105263157894737,40.4573502722323,8.79145801025054,0.00108750477097803,0.00624971096232945,0.00157945396451173,"UBB/UBC",2,7
"R-HSA-168927","TICAM1, RIP1-mediated IKK complex recruitment","2/29","20/11146",0.1,38.4344827586207,8.55780801442351,0.00120639141354057,0.00676174940428914,0.00170885853250062,"UBB/UBC",2,7
"R-HSA-8876384","Listeria monocytogenes entry into host cells","2/29","20/11146",0.1,38.4344827586207,8.55780801442351,0.00120639141354057,0.00676174940428914,0.00170885853250062,"UBB/UBC",2,7
"R-HSA-4641263","Regulation of FZD by ubiquitination","2/29","21/11146",0.0952380952380952,36.6042692939245,8.34078539738655,0.00133123155524769,0.00719498959621964,0.00181834886619045,"UBB/UBC",2,7
"R-HSA-6807004","Negative regulation of MET activity","2/29","21/11146",0.0952380952380952,36.6042692939245,8.34078539738655,0.00133123155524769,0.00719498959621964,0.00181834886619045,"UBB/UBC",2,7
"R-HSA-901032","ER Quality Control Compartment (ERQC)","2/29","21/11146",0.0952380952380952,36.6042692939245,8.34078539738655,0.00133123155524769,0.00719498959621964,0.00181834886619045,"UBB/UBC",2,7
"R-HSA-5683057","MAPK family signaling cascades","5/29","325/11146",0.0153846153846154,5.91299734748011,4.59092020308336,0.00136407081724861,0.00728574295330432,0.00184128444681236,"DNAJB1/DUSP2/HSPB1/UBB/UBC",5,7
"R-HSA-2979096","NOTCH2 Activation and Transmission of Signal to the Nucleus","2/29","22/11146",0.0909090909090909,34.9404388714734,8.13848442264336,0.00146199557208354,0.00762926424972328,0.0019281006334798,"UBB/UBC",2,7
"R-HSA-912631","Regulation of signaling by CBL","2/29","22/11146",0.0909090909090909,34.9404388714734,8.13848442264336,0.00146199557208354,0.00762926424972328,0.0019281006334798,"UBB/UBC",2,7
"R-HSA-2565942","Regulation of PLK1 Activity at G2/M Transition","3/29","88/11146",0.0340909090909091,13.1026645768025,5.8214245474448,0.00149795953687972,0.00763988306223448,0.0019307842656702,"HSP90AA1/UBB/UBC",3,7
"R-HSA-450531","Regulation of mRNA stability by proteins that bind AU-rich elements","3/29","88/11146",0.0340909090909091,13.1026645768025,5.8214245474448,0.00149795953687972,0.00763988306223448,0.0019307842656702,"HSPB1/UBB/UBC",3,7
"R-HSA-9663891","Selective autophagy","3/29","89/11146",0.0337078651685393,12.9554436265014,5.78345388475254,0.00154751225613382,0.00763988306223448,0.0019307842656702,"HSP90AA1/UBB/UBC",3,7
"R-HSA-69275","G2/M Transition","4/29","197/11146",0.0203045685279188,7.80395589007527,4.92099141240638,0.00159020742818398,0.00763988306223448,0.0019307842656702,"HSP90AA1/HSP90AB1/UBB/UBC",4,7
"R-HSA-174048","APC/C:Cdc20 mediated degradation of Cyclin B","2/29","23/11146",0.0869565217391304,33.4212893553223,7.94929225630695,0.00159865394474069,0.00763988306223448,0.0019307842656702,"UBB/UBC",2,7
"R-HSA-450321","JNK (c-Jun kinases) phosphorylation and  activation mediated by activated human TAK1","2/29","23/11146",0.0869565217391304,33.4212893553223,7.94929225630695,0.00159865394474069,0.00763988306223448,0.0019307842656702,"UBB/UBC",2,7
"R-HSA-9013418","RHOBTB2 GTPase cycle","2/29","23/11146",0.0869565217391304,33.4212893553223,7.94929225630695,0.00159865394474069,0.00763988306223448,0.0019307842656702,"HSP90AA1/HSP90AB1",2,7
"R-HSA-9637690","Response of Mtb to phagocytosis","2/29","23/11146",0.0869565217391304,33.4212893553223,7.94929225630695,0.00159865394474069,0.00763988306223448,0.0019307842656702,"UBB/UBC",2,7
"R-HSA-453274","Mitotic G2-G2/M phases","4/29","199/11146",0.0201005025125628,7.72552417258707,4.88934124860797,0.00165035218996854,0.00780479056505957,0.00197246040248433,"HSP90AA1/HSP90AB1/UBB/UBC",4,7
"R-HSA-450302","activated TAK1 mediates p38 MAPK activation","2/29","24/11146",0.0833333333333333,32.0287356321839,7.7718334872682,0.00174117725830509,0.00814942758010836,0.00205955855838584,"UBB/UBC",2,7
"R-HSA-9705683","SARS-CoV-2-host interactions","4/29","203/11146",0.0197044334975369,7.57329709529472,4.82734472780635,0.00177538065462595,0.00822472262449166,0.00207858744741384,"HSP90AA1/HSP90AB1/UBB/UBC",4,7
"R-HSA-170834","Signaling by TGF-beta Receptor Complex","3/29","94/11146",0.0319148936170213,12.2663242846662,5.60235943577215,0.00181072995328468,0.00824855226616891,0.00208460977744589,"PPP1R15A/UBB/UBC",3,7
"R-HSA-179409","APC-Cdc20 mediated degradation of Nek2A","2/29","25/11146",0.08,30.7475862068966,7.60492697635837,0.00188953620194178,0.00824855226616891,0.00208460977744589,"UBB/UBC",2,7
"R-HSA-5696397","Gap-filling DNA repair synthesis and ligation in GG-NER","2/29","25/11146",0.08,30.7475862068966,7.60492697635837,0.00188953620194178,0.00824855226616891,0.00208460977744589,"UBB/UBC",2,7
"R-HSA-9013507","NOTCH3 Activation and Transmission of Signal to the Nucleus","2/29","25/11146",0.08,30.7475862068966,7.60492697635837,0.00188953620194178,0.00824855226616891,0.00208460977744589,"UBB/UBC",2,7
"R-HSA-937041","IKK complex recruitment mediated by RIP1","2/29","25/11146",0.08,30.7475862068966,7.60492697635837,0.00188953620194178,0.00824855226616891,0.00208460977744589,"UBB/UBC",2,7
"R-HSA-9705462","Inactivation of CSF3 (G-CSF) signaling","2/29","25/11146",0.08,30.7475862068966,7.60492697635837,0.00188953620194178,0.00824855226616891,0.00208460977744589,"UBB/UBC",2,7
"R-HSA-901042","Calnexin/calreticulin cycle","2/29","26/11146",0.0769230769230769,29.5649867374005,7.44755192169658,0.0020437015685816,0.00883657630605758,0.00223321775413929,"UBB/UBC",2,7
"R-HSA-5357801","Programmed Cell Death","4/29","213/11146",0.0187793427230047,7.21774324105553,4.67948591351978,0.00211660916494602,0.00906547698948578,0.0022910665241223,"HSP90AA1/MLKL/UBB/UBC",4,7
"R-HSA-9635486","Infection with Mycobacterium tuberculosis","2/29","27/11146",0.0740740740740741,28.4699872286079,7.29882090045276,0.00220364425460866,0.00926346751474383,0.00234110354534449,"UBB/UBC",2,7
"R-HSA-9648002","RAS processing","2/29","27/11146",0.0740740740740741,28.4699872286079,7.29882090045276,0.00220364425460866,0.00926346751474383,0.00234110354534449,"UBB/UBC",2,7
"R-HSA-9682385","FLT3 signaling in disease","2/29","28/11146",0.0714285714285714,27.4532019704433,7.15795825276599,0.00236933525954869,0.00986860741133122,0.00249403711531441,"UBB/UBC",2,7
"R-HSA-162588","Budding and maturation of HIV virion","2/29","29/11146",0.0689655172413793,26.5065398335315,7.02428259998127,0.00254074568575814,0.0102990941190553,0.00260283157657554,"UBB/UBC",2,7
"R-HSA-5654732","Negative regulation of FGFR3 signaling","2/29","29/11146",0.0689655172413793,26.5065398335315,7.02428259998127,0.00254074568575814,0.0102990941190553,0.00260283157657554,"UBB/UBC",2,7
"R-HSA-9683701","Translation of Structural Proteins","2/29","29/11146",0.0689655172413793,26.5065398335315,7.02428259998127,0.00254074568575814,0.0102990941190553,0.00260283157657554,"UBB/UBC",2,7
"R-HSA-110314","Recognition of DNA damage by PCNA-containing replication complex","2/29","30/11146",0.0666666666666667,25.6229885057471,6.89719259391753,0.00271784673811433,0.0106370898198613,0.00268825131083904,"UBB/UBC",2,7
"R-HSA-2173795","Downregulation of SMAD2/3:SMAD4 transcriptional activity","2/29","30/11146",0.0666666666666667,25.6229885057471,6.89719259391753,0.00271784673811433,0.0106370898198613,0.00268825131083904,"UBB/UBC",2,7
"R-HSA-8866652","Synthesis of active ubiquitin: roles of E1 and E2 enzymes","2/29","30/11146",0.0666666666666667,25.6229885057471,6.89719259391753,0.00271784673811433,0.0106370898198613,0.00268825131083904,"UBB/UBC",2,7
"R-HSA-9674555","Signaling by CSF3 (G-CSF)","2/29","30/11146",0.0666666666666667,25.6229885057471,6.89719259391753,0.00271784673811433,0.0106370898198613,0.00268825131083904,"UBB/UBC",2,7
"R-HSA-2672351","Stimuli-sensing channels","3/29","109/11146",0.0275229357798165,10.5782980069598,5.13240955964834,0.0027627001312529,0.0107202210221266,0.00270926058755345,"MLKL/UBB/UBC",3,7
"R-HSA-182971","EGFR downregulation","2/29","31/11146",0.0645161290322581,24.7964404894327,6.77615521422193,0.00290060972370619,0.0107940722505132,0.00272792458916285,"UBB/UBC",2,7
"R-HSA-2122948","Activated NOTCH1 Transmits Signal to the Nucleus","2/29","31/11146",0.0645161290322581,24.7964404894327,6.77615521422193,0.00290060972370619,0.0107940722505132,0.00272792458916285,"UBB/UBC",2,7
"R-HSA-5339562","Uptake and actions of bacterial toxins","2/29","31/11146",0.0645161290322581,24.7964404894327,6.77615521422193,0.00290060972370619,0.0107940722505132,0.00272792458916285,"HSP90AA1/HSP90AB1",2,7
"R-HSA-5654733","Negative regulation of FGFR4 signaling","2/29","31/11146",0.0645161290322581,24.7964404894327,6.77615521422193,0.00290060972370619,0.0107940722505132,0.00272792458916285,"UBB/UBC",2,7
"R-HSA-9680350","Signaling by CSF1 (M-CSF) in myeloid cells","2/29","31/11146",0.0645161290322581,24.7964404894327,6.77615521422193,0.00290060972370619,0.0107940722505132,0.00272792458916285,"UBB/UBC",2,7
"R-HSA-5656169","Termination of translesion DNA synthesis","2/29","32/11146",0.0625,24.0215517241379,6.66069609220546,0.003089006051526,0.0113097479628452,0.00285824838383985,"UBB/UBC",2,7
"R-HSA-917729","Endosomal Sorting Complex Required For Transport (ESCRT)","2/29","32/11146",0.0625,24.0215517241379,6.66069609220546,0.003089006051526,0.0113097479628452,0.00285824838383985,"UBB/UBC",2,7
"R-HSA-1980145","Signaling by NOTCH2","2/29","33/11146",0.0606060606060606,23.2936259143156,6.550391459012,0.00328300723216195,0.011465271410781,0.00289755294174617,"UBB/UBC",2,7
"R-HSA-2559585","Oncogene Induced Senescence","2/29","33/11146",0.0606060606060606,23.2936259143156,6.550391459012,0.00328300723216195,0.011465271410781,0.00289755294174617,"UBB/UBC",2,7
"R-HSA-5205685","PINK1-PRKN Mediated Mitophagy","2/29","33/11146",0.0606060606060606,23.2936259143156,6.550391459012,0.00328300723216195,0.011465271410781,0.00289755294174617,"UBB/UBC",2,7
"R-HSA-5357956","TNFR1-induced NF-kappa-B signaling pathway","2/29","33/11146",0.0606060606060606,23.2936259143156,6.550391459012,0.00328300723216195,0.011465271410781,0.00289755294174617,"UBB/UBC",2,7
"R-HSA-5654726","Negative regulation of FGFR1 signaling","2/29","33/11146",0.0606060606060606,23.2936259143156,6.550391459012,0.00328300723216195,0.011465271410781,0.00289755294174617,"UBB/UBC",2,7
"R-HSA-9861718","Regulation of pyruvate metabolism","2/29","33/11146",0.0606060606060606,23.2936259143156,6.550391459012,0.00328300723216195,0.011465271410781,0.00289755294174617,"UBB/UBC",2,7
"R-HSA-5654727","Negative regulation of FGFR2 signaling","2/29","34/11146",0.0588235294117647,22.6085192697769,6.44486140534064,0.00348258487749144,0.0120694162929856,0.00305023504738101,"UBB/UBC",2,7
"R-HSA-532668","N-glycan trimming in the ER and Calnexin/Calreticulin cycle","2/29","35/11146",0.0571428571428571,21.9625615763547,6.34376420744597,0.00368771070037534,0.0123104460144883,0.0031111491202857,"UBB/UBC",2,7
"R-HSA-936440","Negative regulators of DDX58/IFIH1 signaling","2/29","35/11146",0.0571428571428571,21.9625615763547,6.34376420744597,0.00368771070037534,0.0123104460144883,0.0031111491202857,"UBB/UBC",2,7
"R-HSA-9615710","Late endosomal microautophagy","2/29","35/11146",0.0571428571428571,21.9625615763547,6.34376420744597,0.00368771070037534,0.0123104460144883,0.0031111491202857,"UBB/UBC",2,7
"R-HSA-9706574","RHOBTB GTPase Cycle","2/29","35/11146",0.0571428571428571,21.9625615763547,6.34376420744597,0.00368771070037534,0.0123104460144883,0.0031111491202857,"HSP90AA1/HSP90AB1",2,7
"R-HSA-9833109","Evasion by RSV of host interferon responses","2/29","35/11146",0.0571428571428571,21.9625615763547,6.34376420744597,0.00368771070037534,0.0123104460144883,0.0031111491202857,"UBB/UBC",2,7
"R-HSA-2173796","SMAD2/SMAD3:SMAD4 heterotrimer regulates transcription","2/29","36/11146",0.0555555555555556,21.3524904214559,6.24679152559471,0.00389835651435296,0.0128250279530162,0.00324119649171985,"UBB/UBC",2,7
"R-HSA-6804757","Regulation of TP53 Degradation","2/29","36/11146",0.0555555555555556,21.3524904214559,6.24679152559471,0.00389835651435296,0.0128250279530162,0.00324119649171985,"UBB/UBC",2,7
"R-HSA-168638","NOD1/2 Signaling Pathway","2/29","37/11146",0.0540540540540541,20.7753960857409,6.15366432070935,0.00411449423333791,0.0131547914220804,0.00332453574079935,"UBB/UBC",2,7
"R-HSA-5689901","Metalloprotease DUBs","2/29","37/11146",0.0540540540540541,20.7753960857409,6.15366432070935,0.00411449423333791,0.0131547914220804,0.00332453574079935,"UBB/UBC",2,7
"R-HSA-6806003","Regulation of TP53 Expression and Degradation","2/29","37/11146",0.0540540540540541,20.7753960857409,6.15366432070935,0.00411449423333791,0.0131547914220804,0.00332453574079935,"UBB/UBC",2,7
"R-HSA-8964043","Plasma lipoprotein clearance","2/29","37/11146",0.0540540540540541,20.7753960857409,6.15366432070935,0.00411449423333791,0.0131547914220804,0.00332453574079935,"UBB/UBC",2,7
"R-HSA-5696394","DNA Damage Recognition in GG-NER","2/29","38/11146",0.0526315789473684,20.2286751361162,6.06412936557526,0.00433609587131481,0.0136707467053953,0.00345493018986341,"UBB/UBC",2,7
"R-HSA-9607240","FLT3 Signaling","2/29","38/11146",0.0526315789473684,20.2286751361162,6.06412936557526,0.00433609587131481,0.0136707467053953,0.00345493018986341,"UBB/UBC",2,7
"R-HSA-110313","Translesion synthesis by Y family DNA polymerases bypasses lesions on DNA template","2/29","39/11146",0.0512820512820513,19.709991158267,5.97795625091184,0.00456313354203677,0.0141894700553746,0.00358602419669797,"UBB/UBC",2,7
"R-HSA-5689896","Ovarian tumor domain proteases","2/29","39/11146",0.0512820512820513,19.709991158267,5.97795625091184,0.00456313354203677,0.0141894700553746,0.00358602419669797,"UBB/UBC",2,7
"R-HSA-5205647","Mitophagy","2/29","40/11146",0.05,19.2172413793103,5.89493480541602,0.00479557945872367,0.0145146204950703,0.0036681976210588,"UBB/UBC",2,7
"R-HSA-5654741","Signaling by FGFR3","2/29","40/11146",0.05,19.2172413793103,5.89493480541602,0.00479557945872367,0.0145146204950703,0.0036681976210588,"UBB/UBC",2,7
"R-HSA-6783310","Fanconi Anemia Pathway","2/29","40/11146",0.05,19.2172413793103,5.89493480541602,0.00479557945872367,0.0145146204950703,0.0036681976210588,"UBB/UBC",2,7
"R-HSA-9692916","SARS-CoV-1 activates/modulates innate immune responses","2/29","40/11146",0.05,19.2172413793103,5.89493480541602,0.00479557945872367,0.0145146204950703,0.0036681976210588,"UBB/UBC",2,7
"R-HSA-5654743","Signaling by FGFR4","2/29","41/11146",0.0487804878048781,18.7485281749369,5.81487286377202,0.00503340593376132,0.0150339887758397,0.00379945461758992,"UBB/UBC",2,7
"R-HSA-5696400","Dual Incision in GG-NER","2/29","41/11146",0.0487804878048781,18.7485281749369,5.81487286377202,0.00503340593376132,0.0150339887758397,0.00379945461758992,"UBB/UBC",2,7
"R-HSA-3769402","Deactivation of the beta-catenin transactivating complex","2/29","42/11146",0.0476190476190476,18.3021346469622,5.73759432847562,0.00527658537840149,0.0156573187045377,0.00395698525108884,"UBB/UBC",2,7
"R-HSA-5696395","Formation of Incision Complex in GG-NER","2/29","43/11146",0.0465116279069767,17.8765036086608,5.66293748081961,0.00552509030246251,0.0162882532293375,0.00411643775098028,"UBB/UBC",2,7
"R-HSA-445989","TAK1-dependent IKK and NF-kappa-B activation","2/29","45/11146",0.0444444444444444,17.0819923371648,5.52090518781968,0.00603796711916426,0.017685400465165,0.00446953083863432,"UBB/UBC",2,7
"R-HSA-69231","Cyclin D associated events in G1","2/29","47/11146",0.0425531914893617,16.3550990462216,5.38771802268529,0.00657181842242701,0.019003857094152,0.0048027368960412,"UBB/UBC",2,7
"R-HSA-69236","G1 Phase","2/29","47/11146",0.0425531914893617,16.3550990462216,5.38771802268529,0.00657181842242701,0.019003857094152,0.0048027368960412,"UBB/UBC",2,7
"R-HSA-2122947","NOTCH1 Intracellular Domain Regulates Transcription","2/29","48/11146",0.0416666666666667,16.014367816092,5.32415317806575,0.00684654181985697,0.0193063974299072,0.00487919619721745,"UBB/UBC",2,7
"R-HSA-512988","Interleukin-3, Interleukin-5 and GM-CSF signaling","2/29","48/11146",0.0416666666666667,16.014367816092,5.32415317806575,0.00684654181985697,0.0193063974299072,0.00487919619721745,"UBB/UBC",2,7
"R-HSA-5357905","Regulation of TNFR1 signaling","2/29","48/11146",0.0416666666666667,16.014367816092,5.32415317806575,0.00684654181985697,0.0193063974299072,0.00487919619721745,"UBB/UBC",2,7
"R-HSA-73893","DNA Damage Bypass","2/29","48/11146",0.0416666666666667,16.014367816092,5.32415317806575,0.00684654181985697,0.0193063974299072,0.00487919619721745,"UBB/UBC",2,7
"R-HSA-9694516","SARS-CoV-2 Infection","4/29","299/11146",0.0133779264214047,5.14173682389574,3.70773345740615,0.0071017302708368,0.0197280379586816,0.00498575501390285,"HSP90AA1/HSP90AB1/UBB/UBC",4,7
"R-HSA-70268","Pyruvate metabolism","2/29","49/11146",0.0408163265306122,15.6875439831105,5.26247032262328,0.00712642780886297,0.0197280379586816,0.00498575501390285,"UBB/UBC",2,7
"R-HSA-9012852","Signaling by NOTCH3","2/29","49/11146",0.0408163265306122,15.6875439831105,5.26247032262328,0.00712642780886297,0.0197280379586816,0.00498575501390285,"UBB/UBC",2,7
"R-HSA-73887","Death Receptor Signaling","3/29","154/11146",0.0194805194805195,7.48723690103,4.14025405202248,0.00726348676848612,0.0199855938963194,0.00505084566357249,"TNFRSF10D/UBB/UBC",3,7
"R-HSA-211733","Regulation of activated PAK-2p34 by proteasome mediated degradation","2/29","50/11146",0.04,15.3737931034483,5.20257560252628,0.00741144958091946,0.0201484916750745,0.00509201389423398,"UBB/UBC",2,7
"R-HSA-381038","XBP1(S) activates chaperone genes","2/29","50/11146",0.04,15.3737931034483,5.20257560252628,0.00741144958091946,0.0201484916750745,0.00509201389423398,"DNAJB11/TSPYL2",2,7
"R-HSA-2173793","Transcriptional activity of SMAD2/SMAD3:SMAD4 heterotrimer","2/29","51/11146",0.0392156862745098,15.0723461798512,5.14438161550542,0.00770158042370279,0.0203963165687799,0.00515464527242525,"UBB/UBC",2,7
"R-HSA-9006936","Signaling by TGFB family members","3/29","158/11146",0.0189873417721519,7.29768659973811,4.0718849167834,0.00779384534197761,0.0203963165687799,0.00515464527242525,"PPP1R15A/UBB/UBC",3,7
"R-HSA-180534","Vpu mediated degradation of CD4","2/29","52/11146",0.0384615384615385,14.7824933687003,5.08780685084374,0.00799679372079917,0.0203963165687799,0.00515464527242525,"UBB/UBC",2,7
"R-HSA-349425","Autodegradation of the E3 ubiquitin ligase COP1","2/29","52/11146",0.0384615384615385,14.7824933687003,5.08780685084374,0.00799679372079917,0.0203963165687799,0.00515464527242525,"UBB/UBC",2,7
"R-HSA-5654736","Signaling by FGFR1","2/29","52/11146",0.0384615384615385,14.7824933687003,5.08780685084374,0.00799679372079917,0.0203963165687799,0.00515464527242525,"UBB/UBC",2,7
"R-HSA-6781823","Formation of TC-NER Pre-Incision Complex","2/29","52/11146",0.0384615384615385,14.7824933687003,5.08780685084374,0.00799679372079917,0.0203963165687799,0.00515464527242525,"UBB/UBC",2,7
"R-HSA-69601","Ubiquitin Mediated Degradation of Phosphorylated Cdc25A","2/29","52/11146",0.0384615384615385,14.7824933687003,5.08780685084374,0.00799679372079917,0.0203963165687799,0.00515464527242525,"UBB/UBC",2,7
"R-HSA-69610","p53-Independent DNA Damage Response","2/29","52/11146",0.0384615384615385,14.7824933687003,5.08780685084374,0.00799679372079917,0.0203963165687799,0.00515464527242525,"UBB/UBC",2,7
"R-HSA-69613","p53-Independent G1/S DNA damage checkpoint","2/29","52/11146",0.0384615384615385,14.7824933687003,5.08780685084374,0.00799679372079917,0.0203963165687799,0.00515464527242525,"UBB/UBC",2,7
"R-HSA-75815","Ubiquitin-dependent degradation of Cyclin D","2/29","52/11146",0.0384615384615385,14.7824933687003,5.08780685084374,0.00799679372079917,0.0203963165687799,0.00515464527242525,"UBB/UBC",2,7
"R-HSA-9762114","GSK3B and BTRC:CUL1-mediated-degradation of NFE2L2","2/29","52/11146",0.0384615384615385,14.7824933687003,5.08780685084374,0.00799679372079917,0.0203963165687799,0.00515464527242525,"UBB/UBC",2,7
"R-HSA-169911","Regulation of Apoptosis","2/29","53/11146",0.0377358490566038,14.5035783994795,5.03277518769286,0.00829706295141352,0.0209270365552319,0.00528877112107646,"UBB/UBC",2,7
"R-HSA-177929","Signaling by EGFR","2/29","53/11146",0.0377358490566038,14.5035783994795,5.03277518769286,0.00829706295141352,0.0209270365552319,0.00528877112107646,"UBB/UBC",2,7
"R-HSA-180585","Vif-mediated degradation of APOBEC3G","2/29","54/11146",0.037037037037037,14.234993614304,4.9792154446671,0.00860236169007902,0.0212253924309559,0.00536417290742914,"UBB/UBC",2,7
"R-HSA-8848021","Signaling by PTK6","2/29","54/11146",0.037037037037037,14.234993614304,4.9792154446671,0.00860236169007902,0.0212253924309559,0.00536417290742914,"UBB/UBC",2,7
"R-HSA-9006927","Signaling by Non-Receptor Tyrosine Kinases","2/29","54/11146",0.037037037037037,14.234993614304,4.9792154446671,0.00860236169007902,0.0212253924309559,0.00536417290742914,"UBB/UBC",2,7
"R-HSA-9604323","Negative regulation of NOTCH4 signaling","2/29","54/11146",0.037037037037037,14.234993614304,4.9792154446671,0.00860236169007902,0.0212253924309559,0.00536417290742914,"UBB/UBC",2,7
"R-HSA-174113","SCF-beta-TrCP mediated degradation of Emi1","2/29","55/11146",0.0363636363636364,13.9761755485893,4.92706097463197,0.00891266360636753,0.0215231344536748,0.00543941955819743,"UBB/UBC",2,7
"R-HSA-4641257","Degradation of AXIN","2/29","55/11146",0.0363636363636364,13.9761755485893,4.92706097463197,0.00891266360636753,0.0215231344536748,0.00543941955819743,"UBB/UBC",2,7
"R-HSA-8854050","FBXL7 down-regulates AURKA during mitotic entry and in early mitosis","2/29","55/11146",0.0363636363636364,13.9761755485893,4.92706097463197,0.00891266360636753,0.0215231344536748,0.00543941955819743,"UBB/UBC",2,7
"R-HSA-8941858","Regulation of RUNX3 expression and activity","2/29","55/11146",0.0363636363636364,13.9761755485893,4.92706097463197,0.00891266360636753,0.0215231344536748,0.00543941955819743,"UBB/UBC",2,7
"R-HSA-5362768","Hh mutants are degraded by ERAD","2/29","56/11146",0.0357142857142857,13.7266009852217,4.87624929942192,0.00922794246460073,0.0221665919520039,0.0056020369180812,"UBB/UBC",2,7
"R-HSA-4641258","Degradation of DVL","2/29","57/11146",0.0350877192982456,13.4857834240774,4.82672177991734,0.00954817212356215,0.0223009465046728,0.00563599158128758,"UBB/UBC",2,7
"R-HSA-69541","Stabilization of p53","2/29","57/11146",0.0350877192982456,13.4857834240774,4.82672177991734,0.00954817212356215,0.0223009465046728,0.00563599158128758,"UBB/UBC",2,7
"R-HSA-75893","TNF signaling","2/29","57/11146",0.0350877192982456,13.4857834240774,4.82672177991734,0.00954817212356215,0.0223009465046728,0.00563599158128758,"UBB/UBC",2,7
"R-HSA-9694635","Translation of Structural Proteins","2/29","57/11146",0.0350877192982456,13.4857834240774,4.82672177991734,0.00954817212356215,0.0223009465046728,0.00563599158128758,"UBB/UBC",2,7
"R-HSA-168898","Toll-like Receptor Cascades","3/29","172/11146",0.0174418604651163,6.70368885324779,3.85019569407673,0.00982840586155353,0.0223009465046728,0.00563599158128758,"HSP90B1/UBB/UBC",3,7
"R-HSA-1236394","Signaling by ERBB4","2/29","58/11146",0.0344827586206897,13.2532699167658,4.77842331750415,0.00987332653620976,0.0223009465046728,0.00563599158128758,"UBB/UBC",2,7
"R-HSA-2644602","Signaling by NOTCH1 PEST Domain Mutants in Cancer","2/29","58/11146",0.0344827586206897,13.2532699167658,4.77842331750415,0.00987332653620976,0.0223009465046728,0.00563599158128758,"UBB/UBC",2,7
"R-HSA-2644603","Signaling by NOTCH1 in Cancer","2/29","58/11146",0.0344827586206897,13.2532699167658,4.77842331750415,0.00987332653620976,0.0223009465046728,0.00563599158128758,"UBB/UBC",2,7
"R-HSA-2644606","Constitutive Signaling by NOTCH1 PEST Domain Mutants","2/29","58/11146",0.0344827586206897,13.2532699167658,4.77842331750415,0.00987332653620976,0.0223009465046728,0.00563599158128758,"UBB/UBC",2,7
"R-HSA-2894858","Signaling by NOTCH1 HD+PEST Domain Mutants in Cancer","2/29","58/11146",0.0344827586206897,13.2532699167658,4.77842331750415,0.00987332653620976,0.0223009465046728,0.00563599158128758,"UBB/UBC",2,7
"R-HSA-2894862","Constitutive Signaling by NOTCH1 HD+PEST Domain Mutants","2/29","58/11146",0.0344827586206897,13.2532699167658,4.77842331750415,0.00987332653620976,0.0223009465046728,0.00563599158128758,"UBB/UBC",2,7
"R-HSA-917937","Iron uptake and transport","2/29","58/11146",0.0344827586206897,13.2532699167658,4.77842331750415,0.00987332653620976,0.0223009465046728,0.00563599158128758,"UBB/UBC",2,7
"R-HSA-5387390","Hh mutants abrogate ligand secretion","2/29","59/11146",0.0338983050847458,13.0286382232613,4.73130208344677,0.0102033797493897,0.0227075215991319,0.00573874299630276,"UBB/UBC",2,7
"R-HSA-5676590","NIK-->noncanonical NF-kB signaling","2/29","59/11146",0.0338983050847458,13.0286382232613,4.73130208344677,0.0102033797493897,0.0227075215991319,0.00573874299630276,"UBB/UBC",2,7
"R-HSA-8866654","E3 ubiquitin ligases ubiquitinate target proteins","2/29","59/11146",0.0338983050847458,13.0286382232613,4.73130208344677,0.0102033797493897,0.0227075215991319,0.00573874299630276,"UBB/UBC",2,7
"R-HSA-187577","SCF(Skp2)-mediated degradation of p27/p21","2/29","60/11146",0.0333333333333333,12.8114942528736,4.68530927314041,0.0105383059035504,0.0228918223933583,0.00578532028953408,"UBB/UBC",2,7
"R-HSA-5607761","Dectin-1 mediated noncanonical NF-kB signaling","2/29","60/11146",0.0333333333333333,12.8114942528736,4.68530927314041,0.0105383059035504,0.0228918223933583,0.00578532028953408,"UBB/UBC",2,7
"R-HSA-5610780","Degradation of GLI1 by the proteasome","2/29","60/11146",0.0333333333333333,12.8114942528736,4.68530927314041,0.0105383059035504,0.0228918223933583,0.00578532028953408,"UBB/UBC",2,7
"R-HSA-5610783","Degradation of GLI2 by the proteasome","2/29","60/11146",0.0333333333333333,12.8114942528736,4.68530927314041,0.0105383059035504,0.0228918223933583,0.00578532028953408,"UBB/UBC",2,7
"R-HSA-5610785","GLI3 is processed to GLI3R by the proteasome","2/29","60/11146",0.0333333333333333,12.8114942528736,4.68530927314041,0.0105383059035504,0.0228918223933583,0.00578532028953408,"UBB/UBC",2,7
"R-HSA-2029482","Regulation of actin dynamics for phagocytic cup formation","2/29","61/11146",0.0327868852459016,12.6014697569248,4.64039888258287,0.0108780792324578,0.0234059145570419,0.00591524388295287,"HSP90AA1/HSP90AB1",2,7
"R-HSA-5678895","Defective CFTR causes cystic fibrosis","2/29","61/11146",0.0327868852459016,12.6014697569248,4.64039888258287,0.0108780792324578,0.0234059145570419,0.00591524388295287,"UBB/UBC",2,7
"R-HSA-174084","Autodegradation of Cdh1 by Cdh1:APC/C","2/29","63/11146",0.0317460317460317,12.2014230979748,4.55365414367073,0.0115720648144598,0.0245500814288073,0.00620440267966611,"UBB/UBC",2,7
"R-HSA-6782210","Gap-filling DNA repair synthesis and ligation in TC-NER","2/29","63/11146",0.0317460317460317,12.2014230979748,4.55365414367073,0.0115720648144598,0.0245500814288073,0.00620440267966611,"UBB/UBC",2,7
"R-HSA-9033241","Peroxisomal protein import","2/29","63/11146",0.0317460317460317,12.2014230979748,4.55365414367073,0.0115720648144598,0.0245500814288073,0.00620440267966611,"UBB/UBC",2,7
"R-HSA-1834949","Cytosolic sensors of pathogen-associated DNA","2/29","64/11146",0.03125,12.010775862069,4.51174004482502,0.0119262259991202,0.0248371862550485,0.00627696105216853,"UBB/UBC",2,7
"R-HSA-450294","MAP kinase activation","2/29","64/11146",0.03125,12.010775862069,4.51174004482502,0.0119262259991202,0.0248371862550485,0.00627696105216853,"UBB/UBC",2,7
"R-HSA-4608870","Asymmetric localization of PCP proteins","2/29","64/11146",0.03125,12.010775862069,4.51174004482502,0.0119262259991202,0.0248371862550485,0.00627696105216853,"UBB/UBC",2,7
"R-HSA-6782135","Dual incision in TC-NER","2/29","64/11146",0.03125,12.010775862069,4.51174004482502,0.0119262259991202,0.0248371862550485,0.00627696105216853,"UBB/UBC",2,7
"R-HSA-983712","Ion channel transport","3/29","186/11146",0.0161290322580645,6.19911012235818,3.65195522232271,0.0121467472755412,0.0251809281419895,0.00636383298742606,"MLKL/UBB/UBC",3,7
"R-HSA-373755","Semaphorin interactions","2/29","65/11146",0.0307692307692308,11.8259946949602,4.47074853952708,0.0122851322210945,0.0252373304451444,0.00637808722123983,"HSP90AA1/HSP90AB1",2,7
"R-HSA-5358346","Hedgehog ligand biogenesis","2/29","65/11146",0.0307692307692308,11.8259946949602,4.47074853952708,0.0122851322210945,0.0252373304451444,0.00637808722123983,"UBB/UBC",2,7
"R-HSA-1234176","Oxygen-dependent proline hydroxylation of Hypoxia-inducible Factor Alpha","2/29","66/11146",0.0303030303030303,11.6468129571578,4.4306449026035,0.0126487581764894,0.0256363223755633,0.00647892218626571,"UBB/UBC",2,7
"R-HSA-69563","p53-Dependent G1 DNA Damage Response","2/29","66/11146",0.0303030303030303,11.6468129571578,4.4306449026035,0.0126487581764894,0.0256363223755633,0.00647892218626571,"UBB/UBC",2,7
"R-HSA-69580","p53-Dependent G1/S DNA damage checkpoint","2/29","66/11146",0.0303030303030303,11.6468129571578,4.4306449026035,0.0126487581764894,0.0256363223755633,0.00647892218626571,"UBB/UBC",2,7
"R-HSA-1169091","Activation of NF-kappaB in B cells","2/29","67/11146",0.0298507462686567,11.4729799279465,4.39139622166395,0.0130170786530357,0.0261493526923814,0.00660857742515552,"UBB/UBC",2,7
"R-HSA-174154","APC/C:Cdc20 mediated degradation of Securin","2/29","67/11146",0.0298507462686567,11.4729799279465,4.39139622166395,0.0130170786530357,0.0261493526923814,0.00660857742515552,"UBB/UBC",2,7
"R-HSA-5658442","Regulation of RAS by GAPs","2/29","68/11146",0.0294117647058824,11.3042596348884,4.35297127698802,0.013390068529809,0.0266626803181285,0.00673830780124276,"UBB/UBC",2,7
"R-HSA-69615","G1/S DNA Damage Checkpoints","2/29","68/11146",0.0294117647058824,11.3042596348884,4.35297127698802,0.013390068529809,0.0266626803181285,0.00673830780124276,"UBB/UBC",2,7
"R-HSA-8948751","Regulation of PTEN stability and activity","2/29","69/11146",0.0289855072463768,11.1404297851074,4.31534043100637,0.0137677027769508,0.0272949216626012,0.00689809056624978,"UBB/UBC",2,7
"R-HSA-400253","Circadian Clock","2/29","70/11146",0.0285714285714286,10.9812807881773,4.27847552648303,0.0141499564553906,0.0276900009946006,0.00699793672249354,"UBB/UBC",2,7
"R-HSA-5685942","HDR through Homologous Recombination (HRR)","2/29","70/11146",0.0285714285714286,10.9812807881773,4.27847552648303,0.0141499564553906,0.0276900009946006,0.00699793672249354,"UBB/UBC",2,7
"R-HSA-9772573","Late SARS-CoV-2 Infection Events","2/29","70/11146",0.0285714285714286,10.9812807881773,4.27847552648303,0.0141499564553906,0.0276900009946006,0.00699793672249354,"UBB/UBC",2,7
"R-HSA-68949","Orc1 removal from chromatin","2/29","71/11146",0.028169014084507,10.8266148615833,4.24234979260047,0.0145368047165686,0.028324932795374,0.00715839943124452,"UBB/UBC",2,7
"R-HSA-174184","Cdc20:Phospho-APC/C mediated degradation of Cyclin A","2/29","72/11146",0.0277777777777778,10.676245210728,4.20693775823206,0.0149282228021592,0.0285966799670053,0.00722707655090095,"UBB/UBC",2,7
"R-HSA-448424","Interleukin-17 signaling","2/29","72/11146",0.0277777777777778,10.676245210728,4.20693775823206,0.0149282228021592,0.0285966799670053,0.00722707655090095,"UBB/UBC",2,7
"R-HSA-69017","CDK-mediated phosphorylation and removal of Cdc6","2/29","72/11146",0.0277777777777778,10.676245210728,4.20693775823206,0.0149282228021592,0.0285966799670053,0.00722707655090095,"UBB/UBC",2,7
"R-HSA-8939902","Regulation of RUNX2 expression and activity","2/29","72/11146",0.0277777777777778,10.676245210728,4.20693775823206,0.0149282228021592,0.0285966799670053,0.00722707655090095,"UBB/UBC",2,7
"R-HSA-1169408","ISG15 antiviral mechanism","2/29","73/11146",0.0273972602739726,10.5299952763344,4.17221517176056,0.0153241860437953,0.0288679687298052,0.00729563781949633,"UBB/UBC",2,7
"R-HSA-174178","APC/C:Cdh1 mediated degradation of Cdc20 and other APC/C:Cdh1 targeted proteins in late mitosis/early G1","2/29","73/11146",0.0273972602739726,10.5299952763344,4.17221517176056,0.0153241860437953,0.0288679687298052,0.00729563781949633,"UBB/UBC",2,7
"R-HSA-179419","APC:Cdc20 mediated degradation of cell cycle proteins prior to satisfation of the cell cycle checkpoint","2/29","73/11146",0.0273972602739726,10.5299952763344,4.17221517176056,0.0153241860437953,0.0288679687298052,0.00729563781949633,"UBB/UBC",2,7
"R-HSA-5654738","Signaling by FGFR2","2/29","73/11146",0.0273972602739726,10.5299952763344,4.17221517176056,0.0153241860437953,0.0288679687298052,0.00729563781949633,"UBB/UBC",2,7
"R-HSA-1980143","Signaling by NOTCH1","2/29","74/11146",0.027027027027027,10.3876980428705,4.13815892686635,0.0157246698627935,0.0295000004863976,0.00745536761654844,"UBB/UBC",2,7
"R-HSA-1234174","Cellular response to hypoxia","2/29","75/11146",0.0266666666666667,10.2491954022989,4.10474699376685,0.0161296497698796,0.0298892285531646,0.00755373501575455,"UBB/UBC",2,7
"R-HSA-174824","Plasma lipoprotein assembly, remodeling, and clearance","2/29","75/11146",0.0266666666666667,10.2491954022989,4.10474699376685,0.0161296497698796,0.0298892285531646,0.00755373501575455,"UBB/UBC",2,7
"R-HSA-176409","APC/C:Cdc20 mediated degradation of mitotic proteins","2/29","75/11146",0.0266666666666667,10.2491954022989,4.10474699376685,0.0161296497698796,0.0298892285531646,0.00755373501575455,"UBB/UBC",2,7
"R-HSA-176814","Activation of APC/C and APC/C:Cdc20 mediated degradation of mitotic proteins","2/29","76/11146",0.0263157894736842,10.1143375680581,4.0719583554399,0.0165391013649153,0.0303998057476581,0.00768277029096854,"UBB/UBC",2,7
"R-HSA-204998","Cell death signalling via NRAGE, NRIF and NADE","2/29","76/11146",0.0263157894736842,10.1143375680581,4.0719583554399,0.0165391013649153,0.0303998057476581,0.00768277029096854,"UBB/UBC",2,7
"R-HSA-5693565","Recruitment and ATM-mediated phosphorylation of repair and signaling proteins at DNA double strand breaks","2/29","77/11146",0.025974025974026,9.98298253470667,4.03977294840947,0.0169530003366256,0.0306639926407491,0.00774953674435811,"UBB/UBC",2,7
"R-HSA-6781827","Transcription-Coupled Nucleotide Excision Repair (TC-NER)","2/29","77/11146",0.025974025974026,9.98298253470667,4.03977294840947,0.0169530003366256,0.0306639926407491,0.00774953674435811,"UBB/UBC",2,7
"R-HSA-9009391","Extra-nuclear estrogen signaling","2/29","77/11146",0.025974025974026,9.98298253470667,4.03977294840947,0.0169530003366256,0.0306639926407491,0.00774953674435811,"HSP90AA1/HSPB1",2,7
"R-HSA-909733","Interferon alpha/beta signaling","2/29","77/11146",0.025974025974026,9.98298253470667,4.03977294840947,0.0169530003366256,0.0306639926407491,0.00774953674435811,"UBB/UBC",2,7
"R-HSA-5619084","ABC transporter disorders","2/29","78/11146",0.0256410256410256,9.85499557913351,4.00817160771288,0.0173713224623265,0.0311722545371392,0.00787798688742912,"UBB/UBC",2,7
"R-HSA-5693606","DNA Double Strand Break Response","2/29","78/11146",0.0256410256410256,9.85499557913351,4.00817160771288,0.0173713224623265,0.0311722545371392,0.00787798688742912,"UBB/UBC",2,7
"R-HSA-6806834","Signaling by MET","2/29","79/11146",0.0253164556962025,9.73024879965081,3.97713601570459,0.017794043607654,0.0316803756779409,0.00800640145813949,"UBB/UBC",2,7
"R-HSA-8852135","Protein ubiquitination","2/29","79/11146",0.0253164556962025,9.73024879965081,3.97713601570459,0.017794043607654,0.0316803756779409,0.00800640145813949,"UBB/UBC",2,7
"R-HSA-176408","Regulation of APC/C activators between G1/S and early anaphase","2/29","80/11146",0.025,9.60862068965517,3.94664865438443,0.0182211397262937,0.032314052483349,0.00816654699903789,"UBB/UBC",2,7
"R-HSA-2871837","FCERI mediated NF-kB activation","2/29","82/11146",0.024390243902439,9.37426408746846,3.88725228643353,0.0190883611368812,0.0335895967292406,0.0084889080535294,"UBB/UBC",2,7
"R-HSA-9013694","Signaling by NOTCH4","2/29","82/11146",0.024390243902439,9.37426408746846,3.88725228643353,0.0190883611368812,0.0335895967292406,0.0084889080535294,"UBB/UBC",2,7
"R-HSA-8939211","ESR-mediated signaling","3/29","222/11146",0.0135135135135135,5.19384902143523,3.22361869559722,0.0194550700701962,0.0338393557381934,0.00855202822968485,"HSP90AA1/HSP90AB1/HSPB1",3,7
"R-HSA-1168372","Downstream signaling events of B Cell Receptor (BCR)","2/29","83/11146",0.0240963855421687,9.26132114665559,3.85831185683634,0.0195284387740235,0.0338393557381934,0.00855202822968485,"UBB/UBC",2,7
"R-HSA-195253","Degradation of beta-catenin by the destruction complex","2/29","83/11146",0.0240963855421687,9.26132114665559,3.85831185683634,0.0195284387740235,0.0338393557381934,0.00855202822968485,"UBB/UBC",2,7
"R-HSA-69202","Cyclin E associated events during G1/S transition","2/29","83/11146",0.0240963855421687,9.26132114665559,3.85831185683634,0.0195284387740235,0.0338393557381934,0.00855202822968485,"UBB/UBC",2,7
"R-HSA-5696399","Global Genome Nucleotide Excision Repair (GG-NER)","2/29","84/11146",0.0238095238095238,9.15106732348112,3.82985673713572,0.0199727960743309,0.0344777544400997,0.00871336710867346,"UBB/UBC",2,7
"R-HSA-5632684","Hedgehog 'on' state","2/29","85/11146",0.0235294117647059,9.04340770791075,3.80187279738202,0.0204214094277049,0.0349861127553887,0.00884184161914531,"UBB/UBC",2,7
"R-HSA-69656","Cyclin A:Cdk2-associated events at S phase entry","2/29","85/11146",0.0235294117647059,9.04340770791075,3.80187279738202,0.0204214094277049,0.0349861127553887,0.00884184161914531,"UBB/UBC",2,7
"R-HSA-2029480","Fcgamma receptor (FCGR) dependent phagocytosis","2/29","86/11146",0.0232558139534884,8.93825180433039,3.77434648106139,0.020874255310489,0.0356274883870753,0.00900393284069373,"HSP90AA1/HSP90AB1",2,7
"R-HSA-174143","APC/C-mediated degradation of cell cycle proteins","2/29","87/11146",0.0229885057471264,8.83551327784384,3.74726477544464,0.0213313102852036,0.0360560651414813,0.00911224461029786,"UBB/UBC",2,7
"R-HSA-453276","Regulation of mitotic cell cycle","2/29","87/11146",0.0229885057471264,8.83551327784384,3.74726477544464,0.0213313102852036,0.0360560651414813,0.00911224461029786,"UBB/UBC",2,7
"R-HSA-9679506","SARS-CoV Infections","4/29","414/11146",0.00966183574879227,3.71347659503582,2.8736319988818,0.0213636156895561,0.0360560651414813,0.00911224461029786,"HSP90AA1/HSP90AB1/UBB/UBC",4,7
"R-HSA-190236","Signaling by FGFR","2/29","89/11146",0.0224719101123595,8.63696241766757,3.69438569926945,0.0222579541898015,0.0374263377858143,0.00945854583504234,"UBB/UBC",2,7
"R-HSA-1236974","ER-Phagosome pathway","2/29","90/11146",0.0222222222222222,8.54099616858238,3.66856478047876,0.0227274966732311,0.0380748468252653,0.00962243984223028,"UBB/UBC",2,7
"R-HSA-69052","Switching of origins to a post-replicative state","2/29","91/11146",0.021978021978022,8.44713906782872,3.64314132844288,0.0232011553551578,0.038442790260006,0.00971542809724242,"UBB/UBC",2,7
"R-HSA-9700206","Signaling by ALK in cancer","2/29","91/11146",0.021978021978022,8.44713906782872,3.64314132844288,0.0232011553551578,0.038442790260006,0.00971542809724242,"UBB/UBC",2,7
"R-HSA-9725370","Signaling by ALK fusions and activated point mutants","2/29","91/11146",0.021978021978022,8.44713906782872,3.64314132844288,0.0232011553551578,0.038442790260006,0.00971542809724242,"UBB/UBC",2,7
"R-HSA-4086400","PCP/CE pathway","2/29","92/11146",0.0217391304347826,8.35532233883058,3.61810466498622,0.0236789072250309,0.0389500865223335,0.00984363420109982,"UBB/UBC",2,7
"R-HSA-6804756","Regulation of TP53 Activity through Phosphorylation","2/29","92/11146",0.0217391304347826,8.35532233883058,3.61810466498622,0.0236789072250309,0.0389500865223335,0.00984363420109982,"UBB/UBC",2,7
"R-HSA-8878159","Transcriptional regulation by RUNX3","2/29","96/11146",0.0208333333333333,8.00718390804598,3.52162595475586,0.0256303893285049,0.041621867645662,0.0105188582735385,"UBB/UBC",2,7
"R-HSA-9692914","SARS-CoV-1-host interactions","2/29","96/11146",0.0208333333333333,8.00718390804598,3.52162595475586,0.0256303893285049,0.041621867645662,0.0105188582735385,"UBB/UBC",2,7
"R-HSA-111367","SLBP independent Processing of Histone Pre-mRNAs","1/29","10/11146",0.1,38.4344827586207,6.04856647708657,0.0257260448679194,0.041621867645662,0.0105188582735385,"ZNF473",1,7
"R-HSA-168142","Toll Like Receptor 10 (TLR10) Cascade","2/29","97/11146",0.0206185567010309,7.92463562033416,3.49837642979021,0.0261282649317482,0.041621867645662,0.0105188582735385,"UBB/UBC",2,7
"R-HSA-168176","Toll Like Receptor 5 (TLR5) Cascade","2/29","97/11146",0.0206185567010309,7.92463562033416,3.49837642979021,0.0261282649317482,0.041621867645662,0.0105188582735385,"UBB/UBC",2,7
"R-HSA-193704","p75 NTR receptor-mediated signalling","2/29","97/11146",0.0206185567010309,7.92463562033416,3.49837642979021,0.0261282649317482,0.041621867645662,0.0105188582735385,"UBB/UBC",2,7
"R-HSA-5693607","Processing of DNA double-strand break ends","2/29","97/11146",0.0206185567010309,7.92463562033416,3.49837642979021,0.0261282649317482,0.041621867645662,0.0105188582735385,"UBB/UBC",2,7
"R-HSA-975871","MyD88 cascade initiated on plasma membrane","2/29","97/11146",0.0206185567010309,7.92463562033416,3.49837642979021,0.0261282649317482,0.041621867645662,0.0105188582735385,"UBB/UBC",2,7
"R-HSA-9759194","Nuclear events mediated by NFE2L2","2/29","97/11146",0.0206185567010309,7.92463562033416,3.49837642979021,0.0261282649317482,0.041621867645662,0.0105188582735385,"UBB/UBC",2,7
"R-HSA-5668914","Diseases of metabolism","3/29","250/11146",0.012,4.61213793103448,2.9501630226354,0.0265110255561667,0.0419793896941807,0.0106092127907853,"PPP1R3C/UBB/UBC",3,7
"R-HSA-202424","Downstream TCR signaling","2/29","98/11146",0.0204081632653061,7.84377199155524,3.4754574007388,0.0266300974271455,0.0419793896941807,0.0106092127907853,"UBB/UBC",2,7
"R-HSA-9833110","RSV-host interactions","2/29","98/11146",0.0204081632653061,7.84377199155524,3.4754574007388,0.0266300974271455,0.0419793896941807,0.0106092127907853,"UBB/UBC",2,7
"R-HSA-4420097","VEGFA-VEGFR2 Pathway","2/29","99/11146",0.0202020202020202,7.76454197143852,3.45286062666014,0.0271358643909042,0.0424816635636915,0.0107361496138242,"HSP90AA1/HSPB1",2,7
"R-HSA-9679191","Potential therapeutics for SARS","2/29","99/11146",0.0202020202020202,7.76454197143852,3.45286062666014,0.0271358643909042,0.0424816635636915,0.0107361496138242,"HSP90AA1/HSP90AB1",2,7
"R-HSA-5607764","CLEC7A (Dectin-1) signaling","2/29","101/11146",0.0198019801980198,7.6107886650734,3.40860230300978,0.0281591124420445,0.0437935165468889,0.0110676867693274,"UBB/UBC",2,7
"R-HSA-77588","SLBP Dependent Processing of Replication-Dependent Histone Pre-mRNAs","1/29","11/11146",0.0909090909090909,34.9404388714734,5.75193431798316,0.0282632166260759,0.0437935165468889,0.0110676867693274,"ZNF473",1,7
"R-HSA-9634285","Constitutive Signaling by Overexpressed ERBB2","1/29","11/11146",0.0909090909090909,34.9404388714734,5.75193431798316,0.0282632166260759,0.0437935165468889,0.0110676867693274,"HSP90AA1",1,7
"R-HSA-5668541","TNFR2 non-canonical NF-kB pathway","2/29","102/11146",0.0196078431372549,7.53617308992562,3.38692565725549,0.0286765490947846,0.0441327230136685,0.0111534124936004,"UBB/UBC",2,7
"R-HSA-5689603","UCH proteinases","2/29","102/11146",0.0196078431372549,7.53617308992562,3.38692565725549,0.0286765490947846,0.0441327230136685,0.0111534124936004,"UBB/UBC",2,7
"R-HSA-382556","ABC-family proteins mediated transport","2/29","103/11146",0.0194174757281553,7.46300636089722,3.36554105057065,0.0291978313460946,0.0446323751889795,0.0112796867507507,"UBB/UBC",2,7
"R-HSA-975138","TRAF6 mediated induction of NFkB and MAP kinases upon TLR7/8 or 9 activation","2/29","103/11146",0.0194174757281553,7.46300636089722,3.36554105057065,0.0291978313460946,0.0446323751889795,0.0112796867507507,"UBB/UBC",2,7
"R-HSA-975155","MyD88 dependent cascade initiated on endosome","2/29","104/11146",0.0192307692307692,7.39124668435013,3.34444155701581,0.0297229371836,0.0452825955750147,0.0114440132568435,"UBB/UBC",2,7
"R-HSA-1236975","Antigen processing-Cross presentation","2/29","105/11146",0.019047619047619,7.32085385878489,3.3236204804454,0.0302518446764496,0.0459342390739402,0.0116086994181764,"UBB/UBC",2,7
"R-HSA-168164","Toll Like Receptor 3 (TLR3) Cascade","2/29","106/11146",0.0188679245283019,7.25178919973975,3.30307134476763,0.0307845319750637,0.0459884204817483,0.0116223923777198,"UBB/UBC",2,7
"R-HSA-8856825","Cargo recognition for clathrin-mediated endocytosis","2/29","106/11146",0.0188679245283019,7.25178919973975,3.30307134476763,0.0307845319750637,0.0459884204817483,0.0116223923777198,"UBB/UBC",2,7
"R-HSA-1474151","Tetrahydrobiopterin (BH4) synthesis, recycling, salvage and regulation","1/29","12/11146",0.0833333333333333,32.0287356321839,5.4925538846323,0.0307940084283073,0.0459884204817483,0.0116223923777198,"HSP90AA1",1,7
"R-HSA-203615","eNOS activation","1/29","12/11146",0.0833333333333333,32.0287356321839,5.4925538846323,0.0307940084283073,0.0459884204817483,0.0116223923777198,"HSP90AA1",1,7
"R-HSA-6803211","TP53 Regulates Transcription of Death Receptors and Ligands","1/29","12/11146",0.0833333333333333,32.0287356321839,5.4925538846323,0.0307940084283073,0.0459884204817483,0.0116223923777198,"TNFRSF10D",1,7
"R-HSA-168181","Toll Like Receptor 7/8 (TLR7/8) Cascade","2/29","108/11146",0.0185185185185185,7.11749680715198,3.26276403702495,0.0318611589961174,0.047117153694584,0.0119076507134469,"UBB/UBC",2,7
"R-HSA-194138","Signaling by VEGF","2/29","108/11146",0.0185185185185185,7.11749680715198,3.26276403702495,0.0318611589961174,0.047117153694584,0.0119076507134469,"HSP90AA1/HSPB1",2,7
"R-HSA-6785807","Interleukin-4 and Interleukin-13 signaling","2/29","108/11146",0.0185185185185185,7.11749680715198,3.26276403702495,0.0318611589961174,0.047117153694584,0.0119076507134469,"HSP90AA1/HSP90B1",2,7
"R-HSA-5696398","Nucleotide Excision Repair","2/29","109/11146",0.018348623853211,7.05219867130655,3.24299393221364,0.032405055423498,0.0477658933839873,0.0120716030114876,"UBB/UBC",2,7
"R-HSA-449147","Signaling by Interleukins","4/29","473/11146",0.00845665961945032,3.25027338339287,2.55427605131561,0.0328172942525044,0.0481045043729131,0.012157178244024,"HSP90AA1/HSP90B1/UBB/UBC",4,7
"R-HSA-2559582","Senescence-Associated Secretory Phenotype (SASP)","2/29","110/11146",0.0181818181818182,6.98808777429467,3.22347188656491,0.0329526450660264,0.0481045043729131,0.012157178244024,"UBB/UBC",2,7
"R-HSA-977225","Amyloid fiber formation","2/29","110/11146",0.0181818181818182,6.98808777429467,3.22347188656491,0.0329526450660264,0.0481045043729131,0.012157178244024,"UBB/UBC",2,7
"R-HSA-1679131","Trafficking and processing of endosomal TLR","1/29","13/11146",0.0769230769230769,29.5649867374005,5.26313889062404,0.0333184357460345,0.0482881699696317,0.0122035950073959,"HSP90B1",1,7
"R-HSA-166166","MyD88-independent TLR4 cascade","2/29","111/11146",0.018018018018018,6.9251320285803,3.20419239466187,0.0335039064767268,0.0482881699696317,0.0122035950073959,"UBB/UBC",2,7
"R-HSA-168138","Toll Like Receptor 9 (TLR9) Cascade","2/29","111/11146",0.018018018018018,6.9251320285803,3.20419239466187,0.0335039064767268,0.0482881699696317,0.0122035950073959,"UBB/UBC",2,7
"R-HSA-937061","TRIF (TICAM1)-mediated TLR4 signaling","2/29","111/11146",0.018018018018018,6.9251320285803,3.20419239466187,0.0335039064767268,0.0482881699696317,0.0122035950073959,"UBB/UBC",2,7
"R-HSA-983705","Signaling by the B Cell Receptor (BCR)","2/29","112/11146",0.0178571428571429,6.86330049261084,3.18515012222719,0.0340588182883987,0.04893260602194,0.0123664596716704,"UBB/UBC",2,7
"R-HSA-166058","MyD88:MAL(TIRAP) cascade initiated on plasma membrane","2/29","113/11146",0.0176991150442478,6.80256332010986,3.16633989932138,0.0346173592133695,0.0492673388177735,0.0124510547904876,"UBB/UBC",2,7
"R-HSA-168188","Toll Like Receptor TLR6:TLR2 Cascade","2/29","113/11146",0.0176991150442478,6.80256332010986,3.16633989932138,0.0346173592133695,0.0492673388177735,0.0124510547904876,"UBB/UBC",2,7
"R-HSA-5610787","Hedgehog 'off' state","2/29","113/11146",0.0176991150442478,6.80256332010986,3.16633989932138,0.0346173592133695,0.0492673388177735,0.0124510547904876,"UBB/UBC",2,7
