"gene","degree","betweenness","closeness","eigenvector","pagerank","rank_degree","rank_betweenness","rank_closeness","rank_eigenvector","rank_pagerank","hub_score","high_confidence"
"IL6",57,0.225896330827424,0.385650224215247,1,0.0187494878346691,1,1,1,1,1,1,TRUE
"FOS",47,0.100854485054135,0.35030549898167,0.729864704586648,0.015508381972796,2.5,3,6,4,2,3.5,FALSE
"JUN",47,0.0876746969397611,0.359081419624217,0.818460223925604,0.0147152998549369,2.5,7,3,3,3,3.7,TRUE
"IL1B",43,0.0680168536441642,0.366347177848775,0.891248258767095,0.0131744341011927,4,11,2,2,4,4.6,FALSE
"MYC",29,0.0931238319860367,0.356476683937824,0.53637127164673,0.0111361885786959,8.5,5,4,10,6,6.7,TRUE
"HSP90AA1",38,0.0931002066046927,0.343313373253493,0.524517224409402,0.0124585661534277,5,6,8,11,5,7,TRUE
"NFKBIA",29,0.0581214911171267,0.340594059405941,0.576775616555318,0.00940260341653892,8.5,13,9,6,9,9.1,FALSE
"ALB",26,0.196320451901653,0.348530901722391,0.388525066695538,0.0104776296397977,12,2,7,18,8,9.4,FALSE
"HSP90AB1",33,0.0745623117208334,0.338916256157635,0.476200509887243,0.0109624171406855,6,9,12,13,7,9.4,TRUE
"CASP3",27,0.0563944623667054,0.355739400206825,0.551347135345674,0.00883549482422193,11,14,5,7,12,9.8,FALSE
"HSPA5",28,0.062999063674124,0.329186602870813,0.378431126741388,0.00916920512560586,10,12,14,20,10,13.2,TRUE
"CCL2",30,0.0222595061190493,0.339585389930898,0.66799139454035,0.00906977279627995,7,42,10,5,11,15,FALSE
"PTGS2",22,0.0425123875707598,0.339250493096647,0.539840151815132,0.00750857929816635,17.5,20,11,9,18,15.1,FALSE
"IL10",25,0.0292671803458885,0.337917485265226,0.547878085067134,0.00811660958968122,13.5,28,13,8,13,15.1,FALSE
"H3F3B",22,0.0391942064719571,0.3260663507109,0.338323858230229,0.00802052804569048,17.5,23,15,25,14,18.9,FALSE
"HIST4H4",22,0.0549215696738749,0.313868613138686,0.26530737992374,0.0076422138356545,17.5,16,21,35,16,21.1,FALSE
"ICAM1",22,0.0205140396622301,0.318223866790009,0.481875393557345,0.00705938856798338,17.5,47,19,12,20,23.1,FALSE
"ATF3",25,0.0171801752064542,0.322701688555347,0.470164541008245,0.00785678749296122,13.5,57,17,14,15,23.3,TRUE
"TRAF6",21,0.0272621510668018,0.316758747697974,0.326777994053063,0.00750488790239983,20,33,20,26,19,23.6,TRUE
"CXCR4",19,0.0245967976382532,0.308520179372197,0.386374620048508,0.00655899403155406,22,36,24,19,22,24.6,TRUE
"EGR1",23,0.0157579661818532,0.319702602230483,0.3715015931205,0.00758784366383309,15,60,18,21,17,26.2,FALSE
"EGR2",17,0.0444731348563253,0.303083700440529,0.236055267620481,0.00600926512630247,25,18,32.5,46,26,29.5,FALSE
"CEBPB",20,0.0116880288575305,0.324834749763928,0.401954070592176,0.00640742683628762,21,73,16,17,24,30.2,FALSE
"CDKN1A",15,0.0202105976250903,0.31131221719457,0.305586315369244,0.00518811471530547,31,48,22,29,36,33.2,FALSE
"UBC",18,0.0266223402202895,0.302019315188762,0.191098988120957,0.00641542692508182,23,34,38,52,23,34,TRUE
"SQSTM1",15,0.0758970884443876,0.29553264604811,0.131189123075873,0.00656324716988503,31,8,49.5,78,21,37.5,TRUE
"AGT",13,0.0208578353483999,0.306049822064057,0.237709003509101,0.00496539541285751,45,46,26,45,40,40.4,TRUE
"CSF3",15,0.00680529826938571,0.30963096309631,0.359534912455031,0.00491146923020505,31,98,23,22,44,43.6,TRUE
"SERPINE1",15,0.010660831175478,0.301754385964912,0.282844896882515,0.00516600060216595,31,83,39,32,37,44.4,TRUE
"SOCS3",14,0.0126488383422198,0.296296296296296,0.299335961741175,0.0049556114763416,37.5,69,47,30,41,44.9,FALSE
"IRF1",14,0.0129170508326339,0.300699300699301,0.25673963696188,0.00480494310803957,37.5,67,41.5,37,47,46,FALSE
"HIST2H2BE",17,0.0131852401060646,0.295786758383491,0.142370088250938,0.00564904160617407,25,66,48,69,29,47.4,FALSE
"VCAM1",14,0.00770375364002597,0.302284710017575,0.355230765236174,0.0046712473881077,37.5,93,37,23,49,47.9,TRUE
"UBB",15,0.0111394672660563,0.299651567944251,0.165490596028872,0.00498435829581982,31,80,43,62,39,51,TRUE
"SPP1",11,0.0138518003840463,0.304424778761062,0.176006400594582,0.00460569296755308,62.5,64,29.5,58,50,52.8,FALSE
"CXCL2",16,0.00191460185426959,0.303350970017637,0.423208994675793,0.00483468465475125,27,151,31,16,45,54,FALSE
"DUSP1",12,0.00707467623626138,0.304424778761062,0.22858842917378,0.00428670176264291,53,95,29.5,48,60,57.1,TRUE
"KNG1",12,0.0210853105951444,0.295025728987993,0.0970332331980666,0.00491925084378723,53,45,52,102,43,59,FALSE
"CXCL1",15,0.001053351254224,0.302550571679859,0.424871710853793,0.00454452845216986,31,163,35.5,15,53,59.5,FALSE
"PLG",14,0.0170379295725089,0.289318755256518,0.0907837177794439,0.00536543058728857,37.5,58,63,108,34,60.1,FALSE
"DDIT3",13,0.00587749648256616,0.295278969957082,0.243024842290113,0.00429158103650206,45,108,51,44,59,61.4,FALSE
"EDN1",12,0.00649424853946733,0.292765957446809,0.25027317028802,0.004292861401435,53,101,56.5,42,58,62.1,FALSE
"REL",13,0.00393197000106459,0.303083700440529,0.265709179722253,0.00424171751294404,45,136,32.5,34,64,62.3,FALSE
"JUNB",17,0.00296211101991375,0.28595178719867,0.243979419983167,0.00544751410124273,25,143,71.5,43,32,62.9,FALSE
"EIF2AK3",11,0.0086015692934146,0.302816901408451,0.2045656625378,0.0037716028811188,62.5,90,34,51,77,62.9,TRUE
"HMGCR",11,0.0991035677605861,0.288832913518052,0.0364118730396334,0.00558796176806726,62.5,4,66,156,30,63.7,TRUE
"STIP1",14,0.0290853849934127,0.26279602750191,0.120351417385135,0.00594811794906879,37.5,29,148,87,27,65.7,TRUE
"ATF4",13,0.00267436570628408,0.300699300699301,0.269907922645481,0.00406935518930463,45,145,41.5,33,69,66.7,TRUE
"VTN",13,0.0074487697284461,0.281736281736282,0.10638900343227,0.00516066442954248,45,94,79.5,94,38,70.1,FALSE
"NFKB2",13,0.00164665227320065,0.292765957446809,0.257098751437446,0.00424418531318723,45,154,56.5,36,62,70.7,FALSE
"JUND",13,0.00172162460885568,0.291278577476715,0.252846603361372,0.00424356710551686,45,152,61,38,63,71.8,TRUE
"NR4A1",10,0.00947757028070011,0.291525423728814,0.180393801232096,0.00352354788994141,72.5,86,59.5,55,88,72.2,TRUE
"REN",8,0.0120872338664912,0.304964539007092,0.128783419600955,0.00334861030684313,85.5,71,28,80,97,72.3,FALSE
"TNFAIP3",12,0.00216168611450091,0.29706390328152,0.25066779260233,0.00382430818346204,53,149,46,41,75,72.8,TRUE
"GPX8",7,0.0155504481370293,0.308243727598566,0.176325464136823,0.00290323317163719,98.5,61,25,57,124,73.1,FALSE
"FGA",11,0.0260553642313816,0.275641025641026,0.0547311123760557,0.00541622671166826,62.5,35,97.5,139,33,73.4,TRUE
"TCP1",10,0.021478942091777,0.27236737925574,0.0997558359151689,0.00478230716337522,72.5,43,105.5,99,48,73.6,TRUE
"CCR2",13,0.000536165073975512,0.288590604026846,0.342069322985585,0.0040432399967365,45,181,67,24,71,77.6,TRUE
"THBS1",9,0.00589168283270582,0.292268479184367,0.13606133877568,0.00348027634881686,78,107,58,74,90,81.4,TRUE
"DNAJB1",15,0.00138202094669913,0.269803921568627,0.157183650730745,0.00494325800622984,31,155,116.5,63,42,81.5,TRUE
"HMOX1",10,0.000937846023679244,0.302550571679859,0.292217522312207,0.0033029592971147,72.5,166,35.5,31,103,81.6,TRUE
"AFP",6,0.0211948892285659,0.298611111111111,0.0728956477751769,0.00334273828994353,115.5,44,45,124,99,85.5,FALSE
"BIRC3",11,0.00131180862296188,0.285240464344942,0.167806648756501,0.00364716050492027,62.5,159,74,60,81,87.3,FALSE
"BCL6",7,0.0088780943866414,0.299130434782609,0.147682504249576,0.00263456223772361,98.5,88,44,67,139,87.3,FALSE
"HSPH1",14,0.000902333838662267,0.269592476489028,0.152967766221418,0.00452688321695163,37.5,168,118,65,54,88.5,TRUE
"FOSL1",12,0.000402594582474978,0.28266228430567,0.235741328281244,0.00379812068147017,53,190,77,47,76,88.6,TRUE
"ERN1",9,0.00337640003292373,0.294017094017094,0.154229936806891,0.00305976839033289,78,140,53,64,113,89.6,TRUE
"HSPB1",10,0.00121856411358453,0.293265132139812,0.17921156562985,0.0032562579816198,72.5,161,54,56,105,89.7,TRUE
"NLRP3",8,0.00208698884338292,0.30122591943958,0.221367317599029,0.00277756878467717,85.5,150,40,49,127,90.3,TRUE
"SOCS1",8,0.00541630028183455,0.291525423728814,0.139073878895752,0.0032487724416406,85.5,130,59.5,73,106,90.8,FALSE
"CXCL3",10,0.000259316066693752,0.29553264604811,0.323285937732295,0.00310839002251345,72.5,197,49.5,28,111,91.6,FALSE
"HSP90B1",12,0.000863698707218495,0.275420336269015,0.15077450155699,0.00391210512984767,53,171,99,66,73,92.4,TRUE
"HSPA6",13,0.000895480133083224,0.26938136256852,0.142243029175871,0.00427733066717027,45,170,119,70,61,93,TRUE
"HIST1H2BG",11,0.00397004848549356,0.281736281736282,0.0851060206053847,0.00364428045362574,62.5,135,79.5,113,82,94.4,FALSE
"CX3CL1",11,1.88007814353889e-05,0.286189683860233,0.32449237390593,0.00339518583546693,62.5,223,70,27,95,95.5,FALSE
"LTF",6,0.0180428105871279,0.278768233387358,0.0651600764300097,0.00347939833765179,115.5,52,88.5,132,91,95.8,TRUE
"LIF",8,0.000675241983763661,0.291032148900169,0.251883679501517,0.00270496237183281,85.5,178,62,39,133,99.5,TRUE
"RIPK2",8,0.000950608908697105,0.293015332197615,0.166972966573603,0.00268495914991025,85.5,165,55,61,136,100.5,FALSE
"GABARAPL1",6,0.0194698511626244,0.271507498026835,0.0655279454816661,0.00334269792034178,115.5,49,108,131,100,100.7,TRUE
"NPHS1",6,0.0560339744804161,0.2642089093702,0.0291028816156713,0.00418867224339532,115.5,15,138.5,174,65,101.6,FALSE
"HIST1H2BN",10,0.00330094294028676,0.281505728314239,0.0826988052304088,0.00334835729373894,72.5,142,81,116,98,101.9,FALSE
"CYP3A4",7,0.0194536248263561,0.270015698587127,0.0270203726257114,0.00416288833521015,98.5,50,115,179,67,101.9,FALSE
"AHSA1",11,0.000718326210562187,0.268960125097733,0.129131921614255,0.00383413197622352,62.5,176,121.5,79,74,102.6,TRUE
"DNAJA1",11,0.000412608824734472,0.271079590228526,0.135200129265208,0.00374230495504534,62.5,188,112.5,76,78,103.4,TRUE
"FOSL2",10,0.000404585798159645,0.273449920508744,0.189504472561601,0.00332816624989727,72.5,189,102.5,53,101,103.6,TRUE
"MCL1",7,0.00237132691184028,0.288107202680067,0.128249919790658,0.00274810282948833,98.5,146,68,81,129,104.5,TRUE
"DNAJB4",11,0.000499857416210465,0.268960125097733,0.13276669243576,0.00365376836084122,62.5,183,121.5,77,80,104.8,FALSE
"NFKBIZ",8,0.000485165228333031,0.289075630252101,0.1679598070966,0.00269888429688067,85.5,184,64.5,59,134,105.4,FALSE
"EIF4A3",7,0.0385665680754341,0.246065808297568,0.020609161428248,0.00578777400756822,98.5,25,184,194,28,105.9,FALSE
"HIST1H4H",12,0.00072833359137513,0.268960125097733,0.0903125570009589,0.00396300527637055,53,175,121.5,109,72,106.1,FALSE
"BCL3",7,0.000188675621786905,0.30550621669627,0.25185301971774,0.00235184463647562,98.5,205,27,40,162,106.5,FALSE
"PPP1R15A",8,0.00229171047473266,0.275641025641026,0.124151543449658,0.00292989207466965,85.5,148,97.5,83,122,107.2,TRUE
"SELE",7,0.00119172016629804,0.2833607907743,0.210453255244216,0.00242810112828331,98.5,162,76,50,152,107.7,TRUE
"IFIT3",6,0.00817297838552883,0.285477178423236,0.0741542819839765,0.00256120448981843,115.5,91,73,123,143,109.1,FALSE
"IL13RA2",4,0.0432115097471363,0.28595178719867,0.106339698316684,0.00194480001278032,164,19,71.5,95,199,109.7,FALSE
"MME",7,0.0134061105989669,0.263198163733741,0.0355803103100504,0.0035277679722097,98.5,65,143,158,87,110.3,FALSE
"GADD45A",8,0.00675523861716065,0.260606060606061,0.0725812662921581,0.00338453579198643,85.5,99,155,126,96,112.3,TRUE
"HIST1H2AE",11,0.000459861732107484,0.26875,0.0866699452302939,0.00360638489112242,62.5,185.5,124.5,110,83,113.1,FALSE
"HIST1H2BC",11,0.000459861732107484,0.26875,0.0866699452302939,0.00360638489111805,62.5,185.5,124.5,111,84,113.5,FALSE
"CD69",5,0.00586277684966395,0.28219852337982,0.112780714000087,0.00239546234128814,138,109,78,89,157,114.2,FALSE
"PLAUR",6,0.00554354735851545,0.286905754795663,0.085049593052315,0.00249686757796633,115.5,129,69,114,146,114.7,TRUE
"EPHA2",7,0.0681656383483626,0.226315789473684,0.00915150645882537,0.00556819910474461,98.5,10,228,209,31,115.3,FALSE
"MLKL",5,0.0108502136986394,0.278092158447858,0.0987151104637635,0.00226816056900745,138,82,91.5,100,169,116.1,FALSE
"EGR3",8,0.000228213462903103,0.273449920508744,0.141496528266982,0.00273539918477482,85.5,202,102.5,71,130,118.2,TRUE
"CYP2J2",5,0.018836032748786,0.264615384615385,0.0432528912718575,0.00274998318873567,138,51,136,149,128,120.4,FALSE
"DNAJA4",9,0.000238350306266177,0.268540202966432,0.123167994942478,0.00304146376610727,78,201,126,84,115,120.8,TRUE
"HMGCS1",8,0.0282707669730436,0.232589587559162,0.00330339123586077,0.0043517951033153,85.5,32,210,240,57,124.9,FALSE
"WEE1",4,0.0287307614075531,0.265227447956823,0.0727055934869152,0.00222175714294686,164,31,134,125,176,126,TRUE
"APOC3",5,0.0150807520132893,0.262595419847328,0.0252304073100325,0.00332100131742304,138,62,149,183,102,126.8,FALSE
"HRG",7,0.000852591120759907,0.27236737925574,0.0496591640042424,0.00296282230672512,98.5,172,105.5,145,120,128.2,FALSE
"ZC3H12A",6,4.13246860039863e-05,0.289075630252101,0.183356718694322,0.00209319621544535,115.5,222,64.5,54,185,128.2,TRUE
"CREB5",7,9.97113114503823e-05,0.273232724384432,0.143764053110611,0.00239721369916339,98.5,216,104,68,156,128.5,TRUE
"TRIB1",5,0.0102068544537856,0.26360153256705,0.0942947081558508,0.00221834902864952,138,84,141,104,177,128.8,TRUE
"MAP3K14",6,0.000807288094427301,0.278092158447858,0.107010990868461,0.00222239270665289,115.5,174,91.5,93,175,129.8,TRUE
"SRF",6,0.00360012170323125,0.261398176291793,0.0951486362112323,0.0026049637035026,115.5,139,152,103,140,129.9,TRUE
"GADD45B",6,0.000954180059014587,0.269803921568627,0.107513476645327,0.00229449033914116,115.5,164,116.5,92,168,131.2,FALSE
"MSN",5,0.0116194318258865,0.242937853107345,0.0487072825555257,0.00305709660198164,138,74,188.5,146,114,132.1,TRUE
"HIST1H2AC",10,0.00024398297014432,0.258452291510143,0.0688849918070546,0.00329509313283219,72.5,200,161,129,104,133.3,FALSE
"ETS2",4,0.00593537950607726,0.271293375394322,0.0914689637199307,0.00209914001756313,164,106,109.5,107,184,134.1,TRUE
"TNFRSF10B",5,0.00585763822291482,0.266047950502707,0.0536135155894774,0.00246905515754942,138,110,132,142,150,134.4,TRUE
"KRT8",5,0.00929200903556094,0.259818731117825,0.0290298417262057,0.00301330218899418,138,87,157,175,117,134.8,TRUE
"BMP2",4,0.0116109566750288,0.261001517450683,0.0315168195230547,0.0029312648017771,164,75.5,153.5,165,121,135.8,TRUE
"ODC1",3,0.0173740592582548,0.2642089093702,0.0299449707403936,0.00291937857215397,198.5,54,138.5,168,123,136.4,TRUE
"ZFP36",6,5.32382154318412e-05,0.27172195892575,0.139463068506655,0.00214129276932584,115.5,220,107,72,181,139.1,TRUE
"MVK",6,0.0387129001063037,0.233062330623306,0.0029170770598401,0.00322179184548488,115.5,24,207,247,107,140.1,FALSE
"TSC22D3",4,0.00805010317077151,0.261001517450683,0.0538035207198422,0.00237302435720646,164,92,153.5,141,158,141.7,FALSE
"CHDH",4,0.0516110541160656,0.235455167693361,0.00755843301895805,0.00297595604445021,164,17,202,212,118,142.6,FALSE
"KLF4",5,0.000300281090499105,0.277195809830782,0.111813684135457,0.00197041329102004,138,194,95,91,197,143,FALSE
"WT1",6,0.0125259036393439,0.211822660098522,0.00194534615021458,0.00519951960496952,115.5,70,245,255,35,144.1,FALSE
"DNAJB11",6,0.000321163292242089,0.267496111975117,0.0758893347141556,0.00231990967731794,115.5,193,128,118,166,144.1,TRUE
"KDM6B",5,0.000111994721442262,0.280130293159609,0.127299634988105,0.00186898458101396,138,215,85.5,82,207,145.5,TRUE
"HSD17B7",8,0.00381319489567427,0.232432432432432,0.00471344362649513,0.00410162245821407,85.5,137,211.5,228,68,146,TRUE
"SFN",4,0.00170486211280004,0.277867528271405,0.0932014313155777,0.001802500432516,164,153,93,105,215,146,TRUE
"BRD2",5,0.000897937410976568,0.271079590228526,0.0692935448836137,0.00210975331094199,138,169,112.5,128,183,146.1,FALSE
"GJA5",3,0.0116109566750288,0.255003706449222,0.0322003892883628,0.00279647573999567,198.5,75.5,169,163,126,146.4,FALSE
"IRF8",5,0.000425679203622925,0.271293375394322,0.0999741599861167,0.00190009247404502,138,187,109.5,98,205,147.5,FALSE
"ESPL1",4,0.0231371618414808,0.21078431372549,0.00407167947072962,0.00438558881708808,164,40,248,231,55,147.6,FALSE
"GBP1",6,0.00332137363555259,0.255382331106162,0.0284827734461885,0.00264206847290512,115.5,141,167.5,176,138,147.6,TRUE
"FGF1",2,0.0295052846118034,0.284532671629446,0.0559923063010684,0.00139051869702004,247.5,27,75,135,258,148.5,FALSE
"ADRB2",4,0.0110080731291967,0.251645940014631,0.0486736938489391,0.00211921746810675,164,81,172,147,182,149.2,FALSE
"SQLE",8,0.00122153689147296,0.233220338983051,0.00489478380696096,0.00405613769409304,85.5,160,206,227,70,149.7,FALSE
"IER2",6,8.97962412302368e-06,0.262996941896024,0.121153917828948,0.00214217131948007,115.5,226,145.5,86,180,150.6,FALSE
"CRYAB",5,8.18936446882978e-05,0.277643260694108,0.104780337636182,0.00183088070092647,138,219,94,96,210,151.4,TRUE
"IL1RL1",3,0.00517465823745324,0.280358598207009,0.0678136609102288,0.00165137892566962,198.5,131,84,130,225,153.7,FALSE
"ALDH3A2",7,0.0176807377838956,0.183271177410762,0.000201217741180514,0.00633926746431802,98.5,53,294,298,25,153.7,FALSE
"NAMPT",2,0.0162252401529589,0.281045751633987,0.0556660781844912,0.00150212861603556,247.5,59,83,136,246,154.3,TRUE
"UGT2B7",4,0.0126742137788853,0.234013605442177,0.00381694749718654,0.00302346449512265,164,68,204,235,116,157.4,TRUE
"INSIG1",6,0.00581395348837209,0.227965540092777,0.00291546630488842,0.00342170737133722,115.5,111.5,224,248,93,158.4,FALSE
"ENPP3",4,0.0111470508326175,0.221364221364221,0.00327188447070834,0.00370705120816214,164,79,230,241,79,158.6,FALSE
"CEBPD",4,0.000133608370491338,0.274322169059011,0.116404427235962,0.00157360787924359,164,211,101,88,232,159.2,FALSE
"BHMT",5,0.0422187403378173,0.201287302516091,0.000435446081742917,0.00358680372712836,138,21,271,285,85,160,FALSE
"NPHS2",4,0.0230524103329039,0.210913549969344,0.00182956182147226,0.00346521176417336,164,41,247,256,92,160,FALSE
"BATF3",5,8.55197908452399e-05,0.266047950502707,0.0865017537575081,0.00186485603563226,138,218,132,112,208,161.6,TRUE
"EHHADH",5,0.0236762149727353,0.191857222532069,0.000196891351770213,0.00460145336592004,138,39,281,300,51,161.8,FALSE
"CLDN4",5,0.0399914118471309,0.186046511627907,0.000515226023218485,0.003519876921425,138,22,286,282,89,163.4,FALSE
"TAC1",4,0.00581395348837209,0.246594982078853,0.0206106263860042,0.00232595216519432,164,120,180.5,193,165,164.5,TRUE
"SERPINE2",4,0.00694670107448092,0.242937853107345,0.0157080427294442,0.00218785397232857,164,97,188.5,202,179,166.1,FALSE
"CTH",5,0.03627531928179,0.19953596287703,0.000190794003347939,0.0034216487500193,138,26,272,301,94,166.2,FALSE
"YWHAG",3,0.00597112045261072,0.255382331106162,0.0316905648012062,0.0019359970906516,198.5,104,167.5,164,202,167.2,TRUE
"MAF",5,0,0.271079590228526,0.123039748149842,0.00180568449440863,138,287,112.5,85,214,167.3,FALSE
"DAO",6,0.0241596627985134,0.168050806057645,1.24253215754707e-05,0.00459384605908474,115.5,37,315,325,52,168.9,FALSE
"MAP1LC3B",3,0.000927395020697901,0.276972624798712,0.0415059976324007,0.00155840328705938,198.5,167,96,151,238,170.1,TRUE
"PTGIS",3,0.00452533706852862,0.264411990776326,0.0304700139065939,0.00160650375265748,198.5,134,137,166,228,172.7,TRUE
"HIST1H1C",7,0,0.248017303532805,0.045792551370351,0.00241225171364112,98.5,287,177.5,148,154,173,FALSE
"CLDN3",7,0.00867855447826971,0.157581310123683,3.4775737935177e-05,0.00482164201588005,98.5,89,322,316,46,174.3,FALSE
"MAP3K8",3,0.000177909689904124,0.279902359641985,0.0756870004460328,0.00130672362540071,198.5,208,87,119,263,175.1,FALSE
"ANGPTL3",3,0.0119173365723986,0.226763348714568,0.0066523386450099,0.00235576094488216,198.5,72,227,219,161,175.5,FALSE
"HNF1A",2,0.0101434426469151,0.26481909160893,0.0407079883724358,0.00135773955171583,247.5,85,135,152,261,176.1,FALSE
"GSTA2",3,0.00697774375829089,0.244839857651246,0.0113297992793774,0.00197466012740936,198.5,96,186,206,195,176.3,FALSE
"DNAJB9",5,1.00491074455411e-05,0.249818445896877,0.0542997423349937,0.00183373715260705,138,225,174.5,140,209,177.3,TRUE
"ALAS1",5,0.0287985626144145,0.152212389380531,2.21785282494033e-06,0.00436178536296523,138,30,329,335,56,177.6,TRUE
"OASL",5,0.000221149794485774,0.241742796907941,0.0215864450118152,0.0022602086896922,138,203.5,190.5,188,171,178.2,TRUE
"IDH1",2,0.00630042537027655,0.266873545384019,0.0298599669947514,0.0015103238578036,247.5,102,129.5,169,243,178.2,FALSE
"IFIT2",5,0.000221149794485774,0.241742796907941,0.0215864450118152,0.00226020868969049,138,203.5,190.5,187,172,178.2,FALSE
"IDI1",6,0.000119782132121952,0.230563002680965,0.00306030718919005,0.00313688228936775,115.5,213,215,242,110,179.1,FALSE
"PIM1",2,0.00581395348837209,0.263399693721286,0.0298522138960735,0.00177025965306592,247.5,120,142,170,217,179.3,FALSE
"FTCD",3,0.0115940063733134,0.216761184625079,0.00305665615236015,0.00257421850736281,198.5,78,235,243,142,179.3,FALSE
"CHMP1B",3,0.00596110580504687,0.221221864951768,0.00571407437380503,0.00246728141234809,198.5,105,231,223,151,181.7,FALSE
"EPHX2",3,0.0149512591117978,0.21273964131107,0.00251068537093679,0.00242118366467629,198.5,63,243.5,252,153,182,FALSE
"CD83",3,0,0.281275551921504,0.135333801195236,0.00125076982048956,198.5,287,82,75,272,182.9,FALSE
"CH25H",5,0.000291835142739397,0.229946524064171,0.00442730588882478,0.00265089596357223,138,195,217,229,137,183.2,FALSE
"NR4A2",4,0,0.266047950502707,0.0972047313297363,0.00156230600122242,164,287,132,101,236,184,TRUE
"CYP4F2",3,0.000259035197741745,0.26219512195122,0.0338518617198045,0.0016978775344991,198.5,198,150,161,223,186.1,FALSE
"HAVCR2",3,0,0.280130293159609,0.0921408882054026,0.00139757355836851,198.5,287,85.5,106,256,186.6,TRUE
"THBD",4,9.51483611715884e-05,0.248017303532805,0.0371264508746809,0.00170184468664552,164,217,177.5,155,222,187.1,FALSE
"CCL8",4,0,0.262996941896024,0.100962127250726,0.0015063964993268,164,287,145.5,97,244,187.5,FALSE
"PAX8",3,0.00673316981732941,0.211302211302211,0.00208852334653041,0.00259405259537675,198.5,100,246,253,141,187.7,FALSE
"SARDH",4,0.0240385864595056,0.169208066896212,2.50953313125058e-05,0.00314379309921562,164,38,313,320,109,188.8,FALSE
"CLDN8",6,0.00577440278436956,0.157509157509158,3.45671996886539e-05,0.0041741363556708,115.5,128,323,317,66,189.9,TRUE
"DCN",4,0.000158682626138047,0.239221140472879,0.023833092233011,0.00197082585300622,164,209,197.5,186,196,190.5,TRUE
"DNAJB5",5,0,0.249818445896877,0.0534644728001597,0.00183010617990522,138,287,174.5,143,211,190.7,TRUE
"PDE4A",3,0.00616518795463131,0.202710665880966,0.00289107675396659,0.00269035774287142,198.5,103,270,249,135,191.1,TRUE
"ARC",4,0,0.26179604261796,0.0824967568538294,0.00155868552426117,164,287,151,117,237,191.2,FALSE
"EIF1",3,0.00230663680667399,0.235294117647059,0.0117508029188347,0.00189561052444539,198.5,147,203,205,206,191.9,TRUE
"MAFF",3,0,0.271079590228526,0.111994958060823,0.00124851188459632,198.5,287,112.5,90,273,192.2,TRUE
"BCL10",4,0,0.25923134890731,0.0741866816825876,0.00157331453652167,164,287,159,122,233,193,FALSE
"TLN2",3,0.000281696331211464,0.246771879483501,0.0353420801117862,0.00156466619365047,198.5,196,179,159,235,193.5,FALSE
"NFKBIE",4,0,0.258258258258258,0.0703290589354054,0.00155198010613365,164,287,162,127,239,195.8,FALSE
"TFF3",2,0.00581395348837209,0.236263736263736,0.0215040185994505,0.00171863249541796,247.5,120,201,190,221,195.9,TRUE
"CBX4",3,0.000116988075685627,0.252569750367107,0.0346403842191502,0.00154211349063113,198.5,214,171,160,240,196.7,FALSE
"PTPN1",2,0.000558208062349867,0.268960125097733,0.0509570315324359,0.00113854565019051,247.5,180,121.5,144,292,197,TRUE
"UIMC1",4,0,0.257292445774121,0.042405005210498,0.00159789972774803,164,287,164,150,229,198.8,FALSE
"KRT19",3,0.000353078940254639,0.240559440559441,0.00598750264080039,0.00198223056544345,198.5,191.5,195.5,221,193,199.9,FALSE
"KLF6",3,0,0.266873545384019,0.0841818749164824,0.00127168252164433,198.5,287,129.5,115,270,200,TRUE
"PPP1R15B",3,0.000516614465336332,0.2407277816655,0.0188907105805068,0.00157461533103603,198.5,182,193,196,231,200.1,TRUE
"KRT18",3,0.000353078940254639,0.240559440559441,0.00598750264080038,0.00198223056544293,198.5,191.5,195.5,222,194,200.3,TRUE
"TUBA1A",3,0,0.26791277258567,0.0556345797555935,0.00139830804089906,198.5,287,127,137,255,200.9,FALSE
"PAPPA",2,0.00581395348837209,0.230408573342264,0.00405707125737087,0.00200063000730242,247.5,120,216,232,190,201.1,TRUE
"S100A8",2,0.00581395348837209,0.218412698412698,0.00362654124465171,0.00203093947646182,247.5,120,233,237,186,204.7,FALSE
"PMAIP1",3,0,0.264006139677667,0.0406818506403684,0.00146637465289113,198.5,287,140,153,248,205.3,FALSE
"BTG2",3,0.000142564691900775,0.246594982078853,0.026719328701344,0.00139753248209388,198.5,210,180.5,181,257,205.4,FALSE
"SAT1",2,0.00581395348837209,0.209373097991479,0.00166661362923005,0.00255421540226907,247.5,120,251,265,144,205.5,TRUE
"ADH1B",3,0.00496273252830728,0.205495818399044,0.000851574738654508,0.00240652404210551,198.5,132,265,279,155,205.9,TRUE
"SDS",4,0.00485768547397381,0.176954732510288,3.69428536946246e-05,0.00296702314848834,164,133,300,314,119,206,TRUE
"HABP2",3,0.000126877896925568,0.24345364472753,0.0214855651436947,0.00150582053245895,198.5,212,187,191,245,206.7,TRUE
"KBTBD6",2,0.00581395348837209,0.213930348258706,0.00364701531959997,0.00200062105383564,247.5,120,241,236,191,207.1,TRUE
"NR1D1",3,0.0173401586548241,0.132460531382364,1.2386530997498e-07,0.00318124649344111,198.5,56,339,340,108,208.3,FALSE
"CHORDC1",3,0,0.256716417910448,0.0626891875035823,0.00129210018664144,198.5,287,165,133,265,209.7,TRUE
"IRS2",3,5.14159152032906e-05,0.229180546302465,0.0271522953934378,0.00156472299301518,198.5,221,218,177,234,209.7,FALSE
"RND1",2,0.00581395348837209,0.208484848484848,0.00669826376689868,0.00182463179445993,247.5,120,255.5,216,212.5,210.3,TRUE
"GDA",2,0.00581395348837209,0.208484848484848,0.00669826376689868,0.00182463179445993,247.5,120,255.5,217,212.5,210.5,FALSE
"THPO",2,0,0.278768233387358,0.0754331681199192,0.000992696824012815,247.5,287,88.5,120,314,211.4,TRUE
"KLF2",2,0,0.274760383386581,0.0751722012016001,0.00102731589933688,247.5,287,100,121,306,212.3,FALSE
"NOP58",2,0.00581395348837209,0.197814836112708,0.00114702096793129,0.00235952869758073,247.5,120,274.5,273,159.5,214.9,TRUE
"CLDN11",4,0.00287025109046941,0.15736505032022,3.26546483076895e-05,0.0028516375494032,164,144,324,318,125,215,TRUE
"TRA2A",2,0.00581395348837209,0.197814836112708,0.00114702096793129,0.00235952869758073,247.5,120,274.5,274,159.5,215.1,FALSE
"PDZK1",2,0.0173401586548241,0.17479674796748,0.000101826843006944,0.00233360162366358,247.5,55,305,310,164,216.3,FALSE
"ISG20",4,0,0.228875582168995,0.0080901976317112,0.00194038389957723,164,287,220,211,200,216.4,FALSE
"PER1",3,0.00581395348837209,0.11712631937351,7.29887289266889e-09,0.0035593874074538,198.5,120,342,343,86,217.9,TRUE
"PLK2",2,0.00581395348837209,0.174353775975672,0.000226612894652804,0.00271825510719395,247.5,120,307,292,132,219.7,FALSE
"ANGPTL4",2,0.00581395348837209,0.185145317545748,0.000370241746039574,0.00230420888788912,247.5,120,288,289,167,222.3,TRUE
"ALDH5A1",2,0.00134032700707578,0.215269086357947,0.0017960707295431,0.00176267228658836,247.5,156,237,258,218,223.3,FALSE
"SLC2A9",2,0.0115940063733134,0.149111400086693,5.66731636438457e-06,0.00273520356489356,247.5,77,332,330,131,223.5,TRUE
"GADD45G",3,0,0.238888888888889,0.0269477897097575,0.0014134355018406,198.5,287,199,180,254,223.7,FALSE
"ATL3",2,0.000851284984805503,0.214330218068536,0.00395283064210249,0.00160739454757729,247.5,173,238,234,227,223.9,FALSE
"IL17RB",2,0.000705566640859757,0.226912928759894,0.00418198589887169,0.00153506396374903,247.5,177,225.5,230,241,224.2,TRUE
"MTTP",2,0.00131739585305408,0.226912928759894,0.00342019351935204,0.00143114987837257,247.5,158,225.5,239,252,224.4,FALSE
"DUSP6",2,0,0.260015117157974,0.0611088014992806,0.000995673655817941,247.5,287,156,134,312,227.3,FALSE
"PLCE1",3,0,0.21039755351682,0.00182420900458969,0.00250113395376823,198.5,287,249,257,145,227.3,FALSE
"SLC22A8",2,0.00581395348837209,0.129909365558912,3.15419466462067e-07,0.00307915356738742,247.5,111.5,341,339,112,230.2,FALSE
"DHRS4",2,0.00581395348837209,0.161199625117151,1.09581609941339e-05,0.00248390590731216,247.5,120,320,328,148,232.7,FALSE
"MIOX",2,0.00366927980309155,0.191004997223765,0.000213056931667002,0.00193953062303227,247.5,138,283,296,201,233.1,FALSE
"CACYBP",2,0,0.255952380952381,0.0362674216540761,0.00100973489665472,247.5,287,166,157,310,233.5,TRUE
"LBP",1,0,0.278542510121457,0.0554845391823759,0.000714380234301723,310.5,287,90,138,345,234.1,TRUE
"RRAD",2,0,0.251461988304094,0.0337100124453043,0.0010156661743272,247.5,287,173,162,309,235.7,FALSE
"VNN1",2,0.00133615120669328,0.196908986834574,0.000884348617541297,0.00173214614645323,247.5,157,278,278,220,236.1,FALSE
"DNMT3L",2,0,0.25748502994012,0.0266710821082652,0.00102711872713406,247.5,287,163,182,307,237.3,FALSE
"GRHPR",3,0.0006191756932321,0.151675485008818,2.78599902414616e-06,0.00247553611705274,198.5,179,331,334,149,238.3,FALSE
"CBX7",2,0,0.246241947029349,0.0206937491238077,0.0011815988025048,247.5,287,182,192,286,238.9,TRUE
"EIF4A1",2,0.000254254525730558,0.204761904761905,0.00179547770975601,0.00167467338678023,247.5,199,266,259,224,239.1,TRUE
"SERPINH1",2,0,0.249275362318841,0.0297183391073121,0.000993251432267256,247.5,287,176,173,313,239.3,TRUE
"SGK1",2,1.69503017153705e-05,0.208232445520581,0.00826454178754163,0.00130808680926617,247.5,224,257.5,210,262,240.2,TRUE
"ID2",2,0,0.232904536222072,0.0138668113851275,0.0012786884608904,247.5,287,208.5,203.5,268,242.9,FALSE
"EDN2",2,0,0.236588720770289,0.0270754660423473,0.0010635207606002,247.5,287,200,178,302,242.9,TRUE
"ID4",2,0,0.232904536222072,0.0138668113851275,0.00127868846088998,247.5,287,208.5,203.5,269,243.1,FALSE
"POSTN",2,0,0.233695652173913,0.0110880021699787,0.00120947755904388,247.5,287,205,207,281,245.5,FALSE
"JMJD6",2,0,0.239221140472879,0.0185651781229329,0.0010887080242977,247.5,287,197.5,199,298,245.8,TRUE
"PANK1",2,0.000181126081187102,0.184351554126474,0.000230606677636073,0.00195869310267402,247.5,207,293,291,198,247.3,FALSE
"TYRO3",2,0,0.228875582168995,0.0243249679807588,0.00108084109168488,247.5,287,220,185,299,247.7,FALSE
"CISH",2,0,0.228875582168995,0.0243249679807588,0.00108084109168421,247.5,287,220,184,300,247.7,TRUE
"XPNPEP2",2,0,0.231338264963013,0.00735800135088984,0.00121160136866144,247.5,287,214,213,278,247.9,FALSE
"YOD1",2,0,0.232432432432432,0.0197852087537883,0.00102018029470001,247.5,287,211.5,195,308,249.8,TRUE
"ALLC",1,0,0.262996941896024,0.0297603128379838,0.000761188136003546,310.5,287,145.5,171,336.5,250.1,FALSE
"MXD1",1,0,0.262996941896024,0.0297603128379838,0.000761188136003546,310.5,287,145.5,172,336.5,250.3,TRUE
"DUSP5",1,0,0.259622641509434,0.0404962067994711,0.000715253346502905,310.5,287,158,154,344,250.7,TRUE
"CLDN14",3,5.65010057179018e-06,0.136291600633914,3.96703114544876e-06,0.00226466392382046,198.5,227.5,336.5,332,170,252.9,FALSE
"CLDN19",3,5.65010057179018e-06,0.136291600633914,4.06756983464892e-06,0.00225325847276086,198.5,227.5,336.5,331,174,253.5,TRUE
"AHCY",3,0,0.176772867420349,3.67963997521261e-05,0.00225671194886584,198.5,287,301,315,173,254.9,FALSE
"HBEGF",1,0,0.253500368459838,0.0299527820556064,0.000724886808853453,310.5,287,170,167,343,255.5,TRUE
"AKR1A1",2,0.000183628268583181,0.165146423427748,2.29858393178799e-05,0.00202885131558062,247.5,206,318,321,187,255.9,FALSE
"SERPINA3",1,0,0.258646616541353,0.0215571342864038,0.000777320500767354,310.5,287,160,189,335,256.3,FALSE
"PIPOX",3,0,0.151876379690949,2.20487267728014e-06,0.00249513701235465,198.5,287,330,336,147,259.7,FALSE
"NGEF",2,0,0.184747583243824,0.000537595348892345,0.00193203664594032,247.5,287,289.5,280,203,261.4,FALSE
"CLDN7",3,0,0.157293095564701,3.24345394126589e-05,0.00220998277098564,198.5,287,325,319,178,261.5,FALSE
"EFNA1",2,0,0.184747583243824,0.000537595348892336,0.0019320366459398,247.5,287,289.5,281,204,261.8,TRUE
"DPF3",1,0,0.246065808297568,0.0187717433683077,0.000744666646825978,310.5,287,184,197,338.5,263.4,FALSE
"ING1",1,0,0.246065808297568,0.0187717433683077,0.000744666646825978,310.5,287,184,198,338.5,263.6,FALSE
"ASPA",2,0,0.178330741316744,0.000179559959670611,0.00202459916368012,247.5,287,298.5,303,188,264.8,FALSE
"ADSSL1",2,0,0.178330741316744,0.000179559959670609,0.00202459916367955,247.5,287,298.5,304,189,265.2,FALSE
"TICAM1",1,0,0.2407277816655,0.0181311264149754,0.00073855188093696,310.5,287,193,200,340.5,266.2,TRUE
"PELI1",1,0,0.2407277816655,0.0181311264149754,0.00073855188093696,310.5,287,193,201,340.5,266.4,FALSE
"JOSD1",1,0,0.232118758434548,0.0106030392941096,0.000737733324603558,310.5,287,213,208,342,272.1,TRUE
"MAP1LC3C",1,0,0.228268082282681,0.00727896803960484,0.000806699948323777,310.5,287,222.5,214,331.5,273.1,TRUE
"C9ORF72",1,0,0.228268082282681,0.00727896803960483,0.000806699948323777,310.5,287,222.5,215,331.5,273.3,FALSE
"HIBADH",2,0,0.163342830009497,2.20888995666912e-05,0.0019867978729991,247.5,287,319,322,192,273.5,FALSE
"GPR183",1,0,0.220230473751601,0.00625758594495416,0.000842011206715861,310.5,287,232,220,328,275.5,TRUE
"CRY2",2,0,0.117086453369639,7.27758424949821e-09,0.00234462888061577,247.5,287,343,344,163,276.9,FALSE
"PBLD",1,0,0.209118541033435,0.00166148290236047,0.00126193987080714,310.5,287,252.5,266,271,277.4,FALSE
"ERF",1,0,0.213531967721912,0.00507511330148982,0.000880849862429033,310.5,287,242,226,324,277.9,TRUE
"TUBAL3",1,0,0.214196762141968,0.00553490658650585,0.000841278717583852,310.5,287,239.5,224,329.5,278.1,FALSE
"OLFM4",1,0,0.218135700697527,0.00361537681380749,0.000927697373197644,310.5,287,234,238,322,278.3,FALSE
"TUBA1C",1,0,0.214196762141968,0.00553490658650585,0.000841278717583852,310.5,287,239.5,225,329.5,278.3,TRUE
"LMNA",1,0,0.203309692671395,0.00178662376115793,0.00122711740169577,310.5,287,268.5,260,274.5,280.1,TRUE
"GJA3",1,0,0.203309692671395,0.00178662376115793,0.00122711740169577,310.5,287,268.5,261,274.5,280.3,FALSE
"PIM2",1,0,0.208611279563372,0.00165633633159736,0.00118714296124986,310.5,287,254,267,285,280.7,TRUE
"MIS12",1,0,0.216216216216216,0.00303673054912428,0.000853309218234947,310.5,287,236,244,327,280.9,FALSE
"NPC1",1,0,0.224250325945241,0.00202029599637124,0.000866579654411292,310.5,287,229,254,325,281.1,TRUE
"CCDC117",1,0,0.208232445520581,0.00667764293355999,0.00079591834131897,310.5,287,257.5,218,333,281.2,FALSE
"TNFRSF10D",1,0,0.210268948655257,0.00297472120642928,0.000854521985480321,310.5,287,250,246,326,283.9,TRUE
"HAO2",2,0,0.144053601340034,8.43993113827009e-07,0.00178697936689816,247.5,287,334,337,216,284.3,FALSE
"DDN",1,0,0.209118541033435,0.00161475997532476,0.00102817784317799,310.5,287,252.5,268,305,284.6,FALSE
"TSC22D1",1,0,0.207104154124022,0.00298526355352987,0.000939050284603266,310.5,287,261,245,320,284.7,FALSE
"MSX1",1,0,0.207104154124022,0.0017486962077308,0.00105767637907454,310.5,287,261,263,303.5,285,FALSE
"IHH",1,0,0.207104154124022,0.0017486962077308,0.00105767637907454,310.5,287,261,264,303.5,285.2,TRUE
"TDG",1,0,0.206855081178593,0.00402713811349371,0.000794389536595515,310.5,287,263,233,334,285.5,FALSE
"FMO4",1,0,0.21273964131107,0.00149921292367368,0.000940276192258171,310.5,287,243.5,270,319,286,FALSE
"CLDN15",2,0,0.136237623762376,3.84746093961053e-06,0.00161160369434414,247.5,287,338,333,226,286.3,FALSE
"PCYOX1",1,0,0.20810647307925,0.0013998975229808,0.000999352832658868,310.5,287,259,271,311,287.7,FALSE
"YWHAH",1,0,0.203550295857988,0.00175833638442415,0.000983315117714882,310.5,287,267,262,315,288.3,FALSE
"FCGBP",1,0,0.191217342968316,0.00119314056255975,0.00116520141924946,310.5,287,282,272,291,288.5,TRUE
"STC2",1,0,0.187363834422658,0.000225104729145284,0.00128505036180027,310.5,287,285,295,266,288.7,FALSE
"CLIC5",1,0,0.19556566230813,0.00270250112741913,0.000954489031033845,310.5,287,279.5,250,316.5,288.7,FALSE
"DDX5",1,0,0.197587593337163,0.00114348982478154,0.00113758373818737,310.5,287,276.5,276,293.5,288.7,TRUE
"NXT1",1,0,0.197587593337163,0.00114348982478154,0.00113758373818737,310.5,287,276.5,277,293.5,288.9,FALSE
"ESPN",1,0,0.19556566230813,0.00270250112741912,0.000954489031033845,310.5,287,279.5,251,316.5,288.9,FALSE
"ANXA1",1,0,0.206358728254349,0.00161070739071583,0.000947043980825949,310.5,287,264,269,318,289.7,FALSE
"S100A9",1,0,0.179353493222106,0.000201216969785381,0.00129793188619315,310.5,287,297,299,264,291.5,FALSE
"CDC20B",1,0,0.174177215189873,0.000225915259131775,0.00136672023232799,310.5,287,308.5,293,259.5,291.7,FALSE
"PLK3",1,0,0.174177215189873,0.000225915259131775,0.00136672023232799,310.5,287,308.5,294,259.5,291.9,TRUE
"GLYATL1",1,0,0.173212487411883,9.24712892128981e-05,0.00152032415466109,310.5,287,310,311,242,292.1,FALSE
"KBTBD7",1,0,0.176319835981548,0.000202352964399071,0.0012850465565769,310.5,287,302,297,267,292.7,FALSE
"CALCA",1,0,0.197928653624856,0.00114357110728757,0.000929047443800713,310.5,287,273,275,321,293.3,FALSE
"LPCAT3",1,0,0.190687361419069,0.000419376172997743,0.00106717326814266,310.5,287,284,286,301,293.7,TRUE
"RND3",1,0,0.184648416532474,0.000507767118692464,0.00111092107141591,310.5,287,291.5,283,296.5,293.7,FALSE
"GPD1",1,0,0.184648416532474,0.000507767118692463,0.00111092107141591,310.5,287,291.5,284,296.5,293.9,FALSE
"UGP2",1,0,0.181338956246705,0.000181539002115229,0.00122253099043143,310.5,287,295,302,276,294.1,FALSE
"C2CD4B",1,0,0.172604114400401,0.000371650078428383,0.0012102511213423,310.5,287,311.5,287,279.5,295.1,FALSE
"UPP1",1,0,0.172604114400401,0.000371650078428382,0.0012102511213423,310.5,287,311.5,288,279.5,295.3,TRUE
"CLK1",1,0,0.165225744476465,6.36419298381917e-05,0.00143758230516865,310.5,287,316.5,312,250.5,295.3,TRUE
"GNL3",1,0,0.165225744476465,6.36419298381916e-05,0.00143758230516865,310.5,287,316.5,313,250.5,295.5,TRUE
"VPS37B",1,0,0.181243414120126,0.000317042783484396,0.00113384567552887,310.5,287,296,290,295,295.7,TRUE
"CENPJ",1,0,0.14853195164076,1.25735120326009e-05,0.00159004102925407,310.5,287,333,324,230,296.9,TRUE
"CITED2",1,0,0.174885612608033,0.000107936634694867,0.00117138121940091,310.5,287,303.5,308,288.5,299.5,FALSE
"WTAP",1,0,0.174885612608033,0.000107936634694865,0.00117138121940091,310.5,287,303.5,309,288.5,299.7,FALSE
"PLIN2",1,0,0.156292594275329,2.05426926650857e-05,0.0014140713860497,310.5,287,326,323,253,299.9,TRUE
"NAPSA",1,0,0.17453069507864,0.000115880755453875,0.00116976417738699,310.5,287,306,307,290,300.1,TRUE
"NDEL1",1,0,0.168627450980392,0.000160410061434717,0.00119705063584388,310.5,287,314,306,284,300.3,TRUE
"SLC47A2",1,0,0.115011701771983,1.75009037493565e-08,0.00174342287483631,310.5,287,344,342,219,300.5,TRUE
"PGRMC1",1,0,0.185745140388769,0.000161763304428477,0.000919524486302985,310.5,287,287,305,323,302.5,FALSE
"DHRS4L2",1,0,0.138877674606379,6.08008513049812e-07,0.0014904426193045,310.5,287,335,338,247,303.5,FALSE
"ACOX2",1,0,0.161048689138577,1.09244259219645e-05,0.00121702968090334,310.5,287,321,329,277,304.9,FALSE
"PXMP2",1,0,0.154954954954955,1.11644736447206e-05,0.00120455080079263,310.5,287,327.5,326,282.5,306.7,FALSE
"UPB1",1,0,0.154954954954955,1.11644736447197e-05,0.00120455080079263,310.5,287,327.5,327,282.5,306.9,FALSE
"SIK1",1,0,0.104878048780488,4.04974598738227e-10,0.00144327570747509,310.5,287,345,345,249,307.3,FALSE
"ALAD",1,0,0.132155205532078,1.23056541966195e-07,0.00117628612040083,310.5,287,340,341,287,313.1,FALSE
